1940,1941,1942,1943,1944,1945,1946,1947,1948,1949,1950,1951,1952,1953,1954,1955,1956,1957,1958,1959,1960,1961,1962,1963,1964,1965,1966,1967,1968,1969,1970,1971,1972,1973,1974,1975,1976,1977,1978,1979,1980,1981,1982,1983,1984,1985,1986,1987,1988,1989,1990,1991,1992,1993,1994,1995,1996,1997,1998,1999,2000,2001,2002,2003,2004,2005,2006,2007,2008,2009,2010,2011,2012,2013,2014,2015
15.7,30.5,0,0,0,4.3,4.1,0,0,0,0,0,25.4,0,0,0,0,0.3,1.5,0,0,13.2,24.9,33.5,21.8,12.7,0,0,0,0.5,0,0.0,0.0,0,0,0,0,0,0,0,0,0,3,0,0,0,2.2,0,0,0,9.2,0.0,0.0,35.8,0.0,2.5,0.0,1.6,2.5,0.0,0.0,0,0,69.5,6.5,5.6,31.8,12.4,9.2,8.7,0,0,42.3,0,20.8,2.1
0,0.5,0,0,0,1.5,36.3,0,0,0,0,0,0.3,20.3,5.6,0,0,0.5,0,13.7,0,7.4,27.9,22.9,1,0.3,0,0,0,9.7,0,11.2,4.6,0,0,1.3,0,63.2,0,0,0.3,1,0.7,0,0,0,103.2,1.1,0,0,0.0,31.0,0.0,33.7,46.4,8.9,0.0,2.2,9.5,0.0,0.0,93.3,0,52.9,0.2,8.5,0,94.3,0,9.8,0,0,0,19,11.3,22.5
0,0,0,0,0,0,27.7,17.5,0,0.5,0.3,31,9.1,0,0,0,4.6,1.5,0,0,0,0,35.8,0,0,0.3,0,0,0,2.8,11.4,10.7,8.4,0,0,0,0,0,0,96.5,0,0,14.2,0,18.6,0,0.2,60.2,0,0,28.7,0.9,0.0,0.0,0.0,82.9,0.0,0,12.9,10.2,0.0,0,4.8,15.5,0,9.6,10.1,49.2,28.7,4.9,0,0,5.6,7.5,4.1,37.9
0,0,0,15,0,0,12.7,34.3,0,1.5,9.7,37.8,3.6,0.5,0,8.1,1,106.7,0,0,2.5,0,2,2.3,2.5,10.9,0,0,0,0,0,51.3,2.5,0,0,0,0,0,1,8.6,0,0,3.3,0,16.1,0,0.9,0,0,0,0.1,6.3,0.0,50.4,1.3,2.3,0.0,0,9.8,50.2,0.0,0,0,13,4.4,3.5,0,25.4,0.1,17.8,0,16.6,0.4,2.8,1.5,0.3
0,2.3,0,4.8,0,105.9,0,3,0,3.8,0.8,0,0,0.3,0,11.9,4.8,0,15.7,4.1,58.9,0.5,0,0,31.8,15.7,0,1.5,0,4.6,35.8,20.3,0.3,0,2,2.5,0,0.8,5.6,0.5,0,0,31,0,0,33.4,18.1,0,0,0,1.7,8.1,0.0,0.0,4.6,30.6,0.0,0,13.8,32.5,0.0,0,0,32.5,2.6,1.8,0,44.7,1.7,2.3,0,0,6.5,29,0,0.4
2.3,23.9,0,0,0,6.4,0,0,6.6,0,0,0,1,1,0,1,0,0,0,21.8,17.3,7.6,0.5,0,0,0,0,4.8,0,6.9,1.3,1.3,2.3,0,0,0,0,2.5,2,0,50.3,0,0,0,0,0,26.8,0,21.7,0,9.2,0.0,0.0,0.0,0.0,11.5,0.0,0,4.9,5.1,0.0,45,0,0,0.1,1.9,0,28.7,9.2,0,0,0,47.4,3.3,0,8.1
11.7,0.3,1,0,0,0,7.4,0,6.4,0,2.5,0,0,0,0,4.3,0,0,1,2.3,4.6,0,21.8,0,54.6,1.8,0,0,0,6.9,13.5,7.6,0.0,0,101.6,0,0,0,4.1,0,21.8,0,2.5,0,0,20.7,1.9,0,0,0.6,13.2,0.0,0.0,0.0,0.0,0.0,0.0,0,5.4,40.9,0.0,0,0,0,0.9,0.4,0,0,13.2,7.3,0,11.4,0,16,0,21.5
0,3.3,0,1.5,0,0.5,1.5,0,0,0,0.5,0,0.8,16,0.3,0,0,0,0,0,0,0,0.8,0,52.8,1,4.3,0,0,13.7,0.5,8.6,1.5,0,2.5,0,0,0,15.2,3,8.6,0,9.4,0,0,0,2.8,0,0,0.5,8.5,0.0,0.0,0.0,0.0,0.0,0.0,3.4,8,1.0,8.7,0,7.4,0,3.1,4.1,0,8.4,8.5,0,0,0,0.7,28.5,0,2.1
3.3,13.2,0,3,0.5,0,0,0,0,0,0.5,0,9.7,3.3,0,5.6,27.9,24.1,0,0.5,0,0,9.7,0,14.7,0,7.6,3.3,0,0,0,0.0,0.0,0,1,0,0,0,77.5,0,0,24.4,33.3,0,0,15.9,0.2,0,1.8,22.6,0.2,21.4,0.0,22.7,0.0,45.7,0.0,0,5.6,10.0,0.0,0,0,0,1.2,4.6,0,29.9,0.2,0,0,0,0,2.3,0,10.2
0,0.3,0,0,0,13.2,8.1,0,0,0,44.2,0,15,3,0,15.2,0,18.5,26.4,20.8,0,0,13,1.3,36.8,0,3.8,3,0,20.1,0,0.0,13.2,2.3,0,0,7.9,0,0,0,0,88.9,48.8,0,0,4.2,0,0,20.8,1.8,10.6,60.6,6.1,8.0,0.0,0.0,0.0,23.4,3.8,42.5,9.6,0,0,31.5,2.8,2.1,0,0,10.6,0,0,0,0,2.3,10.9,0
7.6,27.4,0,0,2.3,22.9,0.3,0,29.2,0,5.3,0,1.8,22.9,0,21.6,11.2,26.9,0,29,0,0.3,0.5,0.5,0,0,1.8,1,0,10.2,0,0.0,1.0,47.2,54.4,0,9.7,0,0,0,0,0,19.3,1,0,84.9,0,0,4.4,0,9.5,1.3,0.0,23.7,0.0,0.3,0.0,0,16.7,0.0,82.5,0,0,7.8,5.1,4.1,0,0,9.5,5.6,0,32.3,0,1,0,23.4
8.4,1.5,0,0,0,29.7,9.4,0,0,0,0.8,0,0,13,0,5.1,0.3,15.7,14,0.8,0,0,10.7,16.5,0,0,0,0,11.4,0,0,3.8,2.3,38.1,2.5,0,0,0,0,0,0,0,7.4,0,0,2.5,28.7,0,0,0,4.9,1.6,1.0,41.5,1.0,0.0,0.0,67.6,17.8,1.0,66.8,0,0,0,3.4,8.6,0,0,4.9,0,0,0,0,0,0,80.3
0,0,0,0,1.3,120.9,11.4,2.5,31.2,0,0,81.8,0,2.3,0,58.9,0,3.8,3.3,30.7,0,4.1,3.8,10.4,0,5.1,0,0,18.5,0.3,0,0.0,6.1,90.4,0,0,0,0,26.4,0,0,19.3,0,0,0,1.6,0.9,0,0,0,0.0,0.9,0.0,19.1,0.0,0.0,85.9,2.5,10.1,3.4,3.2,0,20.3,0,0.3,13.6,0,0,0,0,0,0,0,0,0,24.5
2,0,1,0,0,58.2,0,0,0,0,13.7,0,0,20.3,0,8.6,0,6.4,0,0,5.6,0,6.6,0,0,26.9,2,1.8,10.9,0,0,0.0,0.0,21.6,0,0,0,0,4.1,0,0,0.5,0,2.5,11,0,0,0,0,0,0.1,0.0,0.0,18.3,0.0,6.8,23.8,24.6,11.5,6.6,0.0,15.8,12.6,0,0,7.9,1.8,0,0.1,15.6,0,0,31.7,0,0,16.1
0,3,9.9,0,20.3,3.8,0,0,0,0,0.8,0,0,9.7,0,5.1,1,5.3,14.2,0,0,6.4,0,6.4,0,10.2,4.3,0,10.4,0.5,1.3,0.0,9.4,11.7,0,0,0,0,0,0,0,14.2,0,9.9,3.8,0,0,12.3,0,0,1.2,12.1,0.0,3.4,0.6,2.0,5.2,6.3,13.7,0.0,0.0,0,19.2,0,0.7,6.2,4.5,0,1.2,0,0,0,6.9,0,0,3.2
0,0,1,0,10.9,0.3,0,0,31,0,0,0,0,30.2,9.9,0,4.6,0,0,0,0,31.5,19.3,0,0,0,3.3,0,0,22.1,1.3,0.0,8.9,0,10.2,0,0,11.7,0,0,0,8.4,0,5.1,0,3.2,0,0,1.9,0,0.0,0.0,0.0,11.1,0.0,0.0,1.0,1,8.2,8.0,0.0,99.2,0,0,4.4,12.4,1.2,0,0,0,6.3,0,5.6,0,0,0
0,0,2.5,0,15.5,4.1,0,0,6.4,0,1,0,0,39.9,0,0,3.3,69.6,3,0,0,0,0,0,0,0.5,0,0,0,0,3.6,0.0,15.5,0,0,0,2.3,34.3,4.1,0,1,0,0,3,0,0,0.3,0,4,0,1.7,1.0,0.0,20.7,6.2,14.9,36.5,0,19.5,25.5,15.6,5.2,0,0,23,12,6.1,0,1.7,0,0,0,0,0,0,83.2
0,0,23.9,68.8,0,0,0,2.8,16,0,2,0,36.1,10.7,0.8,0,17.8,1.3,0,0,0,7.4,0,1,0,14.7,0,0,0,0,15.7,2.3,0.0,0,0,0,9.9,10.2,0,1.3,0,2.5,30.2,1,0,0,1.9,0,0,0,0.0,28.1,0.0,0,17.3,9.6,0.0,14.6,15.7,20.0,30.6,0,0,4.3,14.3,8.5,1.2,6.2,0,63.8,0,0,4.8,0,0,2.5
0,1.3,0.3,2.5,0,0,8.6,0,5.1,0,0,0.3,0,0,0,0,0,0,0,0,0,0,0,0.5,0,19.8,6.4,0,37.3,0,1.8,0.0,0.0,0,1.8,0,1.8,14,10.7,0,0,3.3,74.2,0,3.7,0,0.4,1.9,0,0,0.0,0.0,11.6,0.0,0.0,24.2,0.0,1,13.6,3.5,36.8,0,0,0,13.7,11.9,0,34.9,0,14.2,0,0,15.7,0,0,0
0,0.3,0,0,0,0,0,0.5,1,0,0,0,12.2,8.6,0,0.8,0,18.8,11.7,0,0,0,2.8,4.3,0,46.5,2.8,0,89.2,0,35.8,3.6,0.0,0,0,16.8,1.3,16.8,0.5,0,0,10.2,0,0,6.6,4.2,0.9,0,0,0,9.9,0.0,0.0,0.0,0.0,18.7,0.0,1.7,9.4,39.6,1.2,0,49.8,0,10.3,7.6,0,95.2,9.9,0,6.7,0,33.9,6,0,0
0,0,0,0,0,0,1.5,0,0,4.6,0.3,0,11.2,0,0,1,0,10.7,0,0,0.3,21.1,12.2,0,0,0,0,0,10.2,0,0,19.6,0.0,0,1,5.6,0,0,0,5.3,0,0,0,0,0,9.3,0,90.4,0,19.2,0.4,0.0,0.0,0.0,0.0,1.1,2.4,3,6.1,1.2,0.0,1,25.5,40.6,12.2,7.4,0,45.7,0.4,0,8.4,0,22.5,25,0,6.9
0,0,0,0,0,0,1.5,0,0,0,0,0,7.1,0,23.1,0,0,0,0,0,0,0,15,0,0,0,0,6.1,0,48,0,13.5,0.5,19.8,0,7.9,0,0,0,0.3,0,0,0,0,0,12.2,0.8,72.2,0.5,17.8,0.0,0.0,13.6,0.0,0.0,0.0,0.0,8.5,7.4,0.0,0.0,0,15.9,0,10.7,6.7,0,2.6,0,0,0,0,29.3,6,0,0
7.1,0,0,0,2.8,1.8,10.2,0,0,0,45.7,0,7.1,14.5,1.5,22.9,0,1.5,24.9,0,0,0,1,0,0,0.5,0.3,0.5,0,0,9.7,5.3,16.8,6.1,0,0,0,0,0,6.4,0,0,1.3,62,0,33.4,3.2,0.6,0.2,0.4,0.0,0.0,3.7,1.3,28.7,0.0,2.1,22.6,6.2,0.0,0.0,0,0,0,12.6,8.4,0,0,0,0,0,1.3,10.3,4.4,0,0
0,0,11.2,0,0.5,88.9,0.3,25.9,0,11.7,0,0,3,0,0,0,0,0.5,118.9,0,0,0,0,1.8,0,0,16.5,0,0,0,12.7,7.1,0.0,18.5,6.6,0,0,0,0,0,0,0,4.8,3,0,7.7,15.6,0.1,1.1,0.1,0.0,3.1,9.3,1.2,68.6,0.6,0.0,1,11.9,17.8,0.0,0,0,0,5,4.1,0,0,0,0,0,0,0,0,0,0
0,0,8.6,39.6,0,4.1,8.6,0,0,0,0,1,8.9,0,0,3.8,0,0,5.3,0,7.4,0,9.4,38.9,3,0,0,0.3,0,0,0,41.4,0.0,5.6,34,0,0,0,1.3,0,0,0,0,30.5,0,1.4,18.2,17,8.2,23,0.0,0.0,1.5,42.0,33.2,0.5,29.8,2.2,3.4,1.9,0.0,95.2,3.7,0,6.3,18.7,6.5,0,0,62.4,0,40.4,0,0,5.1,0
0,51.6,43.4,7.9,0,0,1,7.4,0,1.3,4.3,41.9,4.3,0,0.8,21.6,0,0,0,0,21.3,0,0,0,0,34.3,1.8,0,0,0,0,63.5,0.0,0,16.8,0,5.6,2.5,0,0,20.8,0,34,6.9,0,7.2,3.4,0.2,20.6,46.8,2.1,0.0,0.0,6.2,11.2,0.0,1.0,0,4.2,39.6,0.0,50.8,30,0,11.3,5.4,0,13.2,2.1,0,3.5,8.9,0,0,0,0
25.1,0,0,0,0,43.7,0,1.8,0,0,16.3,8.9,3.3,0,1.8,0.5,0,0,6.4,3.3,2.8,41.1,5.8,0,7.6,8.9,0,0,0,25.4,0,0.0,0.0,0,0.8,0,13.2,5.8,0,0,0,0,3.8,2.5,0,0.7,18.6,8.9,13.3,54.9,5.5,0.0,0.0,20.0,0.0,0.0,3.2,21.9,7.8,2.8,0.0,75,8.9,0,22.5,2.6,0,10.6,5.5,0,0,7.5,0,2,43.5,0
0,37.8,9.7,0,0,6.1,84.3,0,0,0,12.2,0,1.5,0,0.3,29.5,0,0,0,7.9,0,0,92.2,0,0.8,0.8,25.7,0,0,5.6,0,0.0,31.0,0,2.3,27.9,1,0,1.5,0,0,0,0,0,0,47.2,20.3,0,1.1,12.7,0.0,2.9,0.0,0.3,44.4,0.0,1.0,0,13.4,1.0,0.0,44.5,0,2.2,15.7,4.2,0,0,0,13.3,0,0,0,13.2,0,26.8
0,21.3,0,46,0,4.6,4.3,12.2,0,0,0,29.7,0,0,0,5.6,6.4,0,6.6,50.8,0,0,0,0,18,0,0,0,0,0,0,0.0,1.8,0,1.3,9.7,2.8,1.3,1.3,0,0,0,0,0,0,5.6,0.9,0,0,23.7,10.2,0.0,0.0,0.0,44.7,0.0,0.0,4.5,9.2,5.0,0.0,0,0,3,14.9,6.7,0,0,10.2,8.7,31.8,13.2,0,97,0,5.9
0,4.1,0,0.3,0,0,0,9.9,0,0,0,6.9,34.5,0,0,0.3,27.7,6.1,0,0.5,0.8,4.3,0,0,1.5,3.8,0,0,0,0,0,0.0,0.0,7.9,0.5,0,0,0,0.8,0,0,0,0,0,0,0.4,90.6,0,0,24.1,0.0,0.0,0.0,0.0,0.0,0.0,1.4,12.8,14.4,20.8,13.8,15.2,0,1.2,6.1,1.5,0,29.4,0,4.4,1.9,0,0,7,0,11.5
63,0.5,3.6,3,0,0,0,0,0,66.3,2.5,2.5,1,2.8,0,2.8,1.5,2.3,5.6,0,0,22.1,0,0,20.3,0,0,0,0,0,0,0.0,5.1,33.3,31.8,0.5,0,0,0,68.1,0,1.5,0,0,0,0,0.1,0,19.4,33.8,34.8,0.0,0.0,0.0,0.0,0.0,12.8,0,14.9,76.9,24.2,8.9,2.1,0,10.6,2.8,0,0,34.8,7.8,10.3,0,0,0,0,7.8
7.9,0.3,29.7,110.5,0,0,2,1.5,0,5.1,0,0,15,10.7,0,16.3,26.9,17.5,1.8,0,0,1,0,0,0,0,11.2,0,0,0,0,0,0.5,2,5.6,0,0,0,0,1.8,0,8.4,2.8,0,0,1.1,11.7,0,6.6,42.6,14.9,0.0,0.0,0.0,0.0,0.0,103.0,32,9.8,0.0,42.3,6.8,58.5,0,20,1.6,35.4,0,2.6,1.2,0,0,0,0,0,0
15.7,20.6,0,6.6,0,1,0,7.6,0,14.2,0,0,49,0.3,0,0.5,0,6.4,15.7,0,0,0,0,0,0.8,0,0,0,0,0.5,63.8,0,1.3,0,5.1,0,0,0,0,0,0,0,0,4.1,2.2,7.2,26.4,0,0,7.9,10.7,0.0,18.8,0.0,0.0,0.0,0.0,18.9,15.6,0.0,40.1,0,2.8,0,0.6,2.2,4.7,0,1.9,1.3,0,0,0,0,0,5.7
1,9.9,0,45,0,24.1,0,7.6,4.3,8.4,0.3,0,12.7,14.2,1,14,0.5,0.5,2.8,0,0,6.9,0,16.3,0,0,0,0,0,0,3.8,0,0,0,2,0,5.3,0,0,0,0,3.3,0,0,22.7,1,15.7,0,0,45.8,3.7,0.0,0.0,0.0,0.0,1.7,2.0,20,15.4,0.0,20.6,8,25.2,0,39.4,9.2,0,0,0,0,0,0,0,0,7.8,23.8
0,0,0,0,20.1,2.5,0,0,5.3,0,31.8,0,17.3,14.2,6.6,16.5,0,0,5.3,2.3,0.8,6.9,0,3,12.2,0,0,13.5,2.3,0,0,0,0,0,0,0,0,0.8,0,0,0,0.8,0,50,37.7,7,0,0,0,2.1,29,0.0,0.0,14.1,2.0,0.0,0.0,3,6.9,0.0,11.9,4.5,26.7,3,1.1,1.3,0.5,0,0,16.8,0,0,55.6,3,0,6
0,0,0,1.3,54.9,7.4,0,0,2.8,0,6.4,23.4,0.5,4.3,9.7,27.2,0,0,49,0,0,0.8,0,11.2,19.8,0,0,0.8,7.1,32.3,0,0,1.3,0,0,0,0,0,0,0,4.6,1.8,8.4,16,9.1,22,21.6,0,0,0,13.9,13.6,0.0,0.0,59.7,0.0,1.2,20,2.2,0.0,0.0,1,0,0,2.8,2.7,1.4,0,0,5.8,0,0,0.5,10.8,0,0
0,16,0,1,7.4,0,25.9,1.5,20.3,20.6,0.8,0,0,25.7,10.2,15.2,0,1,1,0,14.7,1.8,0,17.8,1,0,0,0,0,0,0,1,39.4,0,6.4,0.8,0,0,0.8,0,0,5.6,10.2,18,25.7,6.6,0.8,0,15.9,132.2,0.0,5.4,0.0,0.0,6.1,0.0,15.8,46.6,1,0.0,0.0,65.8,0,4.6,0.4,2.5,0.1,0,0,3.2,0,8.4,0,0,28.1,0
1.8,0,0,3.6,0,0.5,6.4,0,0,0,0,2.8,0,0,0,0,0,0,37.8,11.4,0,0,0,27.4,0,0,0,0,0,0,0,0,0,0,4.6,0,0,0,5.8,0,0,11.4,6.1,11.4,0,3.7,0,0,97.9,9.4,0.0,8.3,0.0,0.0,3.5,0.0,38.4,51.4,0.5,0.0,0.0,90.2,0,2.3,1.1,13.2,0,0,0,12.7,0,0,0,4.7,0,0
1.3,14.2,0.8,32.3,0,3,65,0,0,1.8,8.9,0,9.7,0,0,0,0,0,14,1.3,1.3,1,0,4.3,0,0,8.6,0,4.3,0,0,0,0,0,48.3,0,0,0,28.7,0,0,16.5,0,45.2,0,0,0,0,9.7,8.8,0.0,0.7,0.0,12.3,4.2,13.9,6.3,55.6,0.2,0.0,0.0,41.3,0,0,1.1,0.5,0,0,7.4,0,0,0.8,11.9,0,28.4,0
15,0.3,0,0,0,7.1,0,0,0.8,0,1.8,0,11.2,0,1.3,2,0,0,1,0,0,0,0,57.2,0,0,18.8,0,0,0,0,0,0,0,14.7,0,0,0,0,11.4,0,0,0,3.3,3.6,0,51.4,0,5.3,0,0,8.6,0.0,0.0,0.5,51.2,0.0,11,0.6,32.8,0.0,61.4,0,0,1.6,0.5,0,0,2.4,0,14.9,0,0,9.2,1.2,0
0,0,21.1,8.1,17,0.5,0,0,10.4,0,0,6.9,0,21.8,0,4.6,0,0,0,52.3,1.5,20.3,0,4.6,0.3,0,0,0,0.3,0,0,0,0,0,3.6,0,0,0,0,4.3,0,0,0,2.8,0.3,17.8,56.7,0,0.4,0,0.0,3.4,0.0,0.0,0.0,0.0,0.0,0,2.6,2.8,0.0,43.8,0,0,0.8,0.1,0,0,8.9,0,0,44.3,0,9.3,0,0
121.9,0,8.6,0,1.5,0,35.8,0,67.8,0,0,20.6,2.3,0,2.3,0,6.4,0,1.8,11.7,0,3,0,0,2.3,0,0,0,0,0,0,0,0,7.1,25.4,0,0,33,0,0.5,0,31.7,42.9,1.5,0,0,32.3,1.4,0,0,0.0,0.5,0.0,0.8,1.6,0.0,9.7,1,3,0.0,0.0,59.3,0,0,0.3,0.9,0,4.9,0,0.7,0,0,0,1,19.3,0
2.5,0,0,0,11.4,1.3,4.1,0,11.9,24.4,0,0,18,0,17,0.3,0.3,0,25.4,2.8,44.5,0,0,0,0,1.5,0.5,0,0,0,9.4,0,0,0,16.5,0,28.2,0,0,0,101.6,0,7.1,23.9,0.1,43.4,0.4,1.7,16,0,1.1,1.0,0.0,0.0,0.0,22.3,0.0,58.2,2.4,0.0,1.5,30.8,0,0,3.4,4.4,0,8.8,0,0,0,0,0,39,0,0
2.5,0,14.5,87.1,2.5,19.3,0.8,0,3.6,2,0,3.6,112,0,0,1,0.8,0,7.4,0.8,20.6,0,0,13,0,0,10.2,0,0,0,0,0.5,0,0,18.3,0,1.8,0,1.8,1.3,0,3.6,0,15,4.5,11.7,0,3.7,6.5,0,8.7,22.7,0.0,0.0,0.0,9.1,0.0,0,1.5,0.0,40.1,42.5,0,0,7.3,6.4,0,1.9,0,0,0,0,14.8,0.8,37.1,0
2.3,0,0,42.7,2.8,1.5,20.3,1,2.3,0,0,4.8,8.6,0,0,2,13,0,0,0,1.8,15.2,0,0,0,0,16,0,3,0,0,0.5,0,0,0.5,0,0,0,0.5,0,0,48.8,12.9,113.5,0,0,0,0,22.6,0,0,15.9,0.0,0.0,2.1,0.0,0.0,4.5,0.9,0.0,2.8,35.8,0,0,9.4,2.1,0,0,0,0,2.3,8.2,0,49.5,0,0
7.6,0,4.8,0,0.5,0,55.9,0,0.3,0,39.6,0,17.3,0,0,0,29.5,0,0,0,0,30.2,0,0.5,0,0,0.3,0,6.4,24.1,0,3.3,0,0,1.8,5.3,1,7.9,3.3,0,0,2.3,12.7,8.1,0,1.7,0,0,0.3,0,0.0,5.1,0.0,0.0,0.0,0.0,41.2,11,1.2,0.0,7.9,27.4,0,0,6.8,1.7,6.7,0,0,0,0,0,0,24.5,19.1,4.1
1,0,1,0,0,4.1,0.3,1.3,0,0,19.1,0,0,15.7,0,0,10.4,1.5,16.8,0,0,0,0,17.8,0,4.6,0,0.3,2,0.3,0,0,17,0,0,4.1,0.5,7.1,61.7,0,0,0.8,1.5,1,0,0,0.7,1.2,0,3.3,0.0,4.2,0.0,20.6,0.0,0.0,0.0,0,0.4,0.0,12.3,22.6,0,0,8.9,3.5,0,0,0,0,21.6,1.3,68.2,35,12.8,8.2
15.2,0,0,0,0,1,9.4,0.3,0,0,0,1.3,0,12.7,0,4.6,6.6,0,0,28.4,0,0,0,0,0,0,0.5,3,7.1,0,5.6,0,30.2,0,0,16.3,17.8,0,0,0,18.8,6.3,13.7,0,0,0,0,0,0,12.9,0.0,0.0,0.0,0.0,0.0,0.0,8.4,1,4,0.0,8.5,34.8,19.8,0,8.8,7.6,0,0.4,0,0,0,0,0,17,0,4.6
0,0,1,20.3,0,91.7,7.9,3,0,0,3.6,0,1.8,7.9,0,0,0,20.6,1.8,0,0,0,6.9,4.6,0,0.5,1.8,0,19.6,0,8.4,3.3,6.1,0,8.1,5.8,0,0.8,1,0,0,0.5,3.3,0,0,0,1.4,0.2,31.5,33.4,0.0,2.7,0.0,0.0,0.0,2.5,0.0,1.2,8.6,0.0,5.6,40,25.6,0,12.4,1.4,0,0,0,1.6,0,8.9,0,0,0,0
3.3,0.5,0.3,1.5,0,0.8,1.8,0,1,0,17.3,0,0.3,13.5,0,0,76.2,0.8,38.1,14.2,0,0,0.5,7.1,0,22.9,0,24.1,7.1,0,4.1,0,0,0,0,10.7,0,0,0,0,0,1.3,25.7,2.5,0,2.9,0.3,0,6.4,9.2,0.0,6.0,0.0,12.8,0.0,0.0,0.0,0,11.2,35.8,4.0,25.9,0,0,10.7,0.4,0,21.2,2.7,0,6.7,0,6.7,0,9.1,0
5.3,13,1.3,0,0,2.3,0,0,0,0,0.5,0,5.1,20.1,0,0,1.5,0,20.8,61.2,0,0,0,0,17,5.8,19.3,11.9,0,0,0.8,0,14.7,4.8,2.3,22.9,25.7,0,0,0,0,9.4,0.8,1.5,101,6,0,0,0,42.2,1.2,0.0,0.0,0.0,0.0,0.0,0.0,22.7,14.7,33.9,0.0,0,0,0,10,0.2,0,3.6,4.6,0,0,0,0,0,0,35.6
0,1,0.5,0,4.1,1,0,0,0,0,13.7,0,1.8,2.8,0,0,4.6,0,39.9,4.6,7.1,0,0,0,0,7.9,18.5,9.1,0,0,6.9,0,0,0,2,2,0,0,0,0,0,1.5,0,0,8.5,7.5,0,2.7,8.1,26.7,0.0,0.0,0.0,21.7,0.0,0.0,0.0,14.8,12.8,8.6,14.5,1.3,0,0,6.7,0.9,0,0,0,0,15.3,0,0,15.6,0,0
0,0,3.3,0,29,0,6.6,0,0,0,33,0,0,0,0.3,1.8,0,0.3,9.1,1,0,0,0,0,0,0,0,0,1.8,7.9,0,0,0.3,0,49.5,83.8,0,0,0.8,0,6.6,39.9,0,0,1.9,0,0,0,9.3,7.3,0.0,0.0,0.0,0.0,1.4,22.1,0.0,0,7.3,0.0,5.4,2.4,0,30.3,3.3,3.2,0,24.6,0,0,4.2,0,0,0,17.2,67.4
0,0,1,0,4.1,0,32.3,0,3.6,0,3.6,0,3.6,0,0.3,15.2,0,0,7.9,0.5,1.3,11.9,3.6,0,0,0,0,0,0,0,1,0.3,35.8,0,0,4.1,0,0,0,0,0,1,9.7,0,0,0.5,0.3,0.1,0,15.2,0.0,0.0,0.0,1.0,0.0,0.0,1.0,0,6.1,0.0,2.2,2.4,0,0,4.5,9.3,0,0.6,0,8.6,3.4,0,0,0,24.4,16.2
1.3,0,0,1,0,24.9,10.4,0,0.3,6.4,0.8,0,1,0,33.3,21.6,2,0,2,0,0,5.6,0,0,0,0,3.6,5.3,0,36.8,0,0.3,1,0,0,0,0,0,0.3,19.6,0,0,0,0,26.7,0,9.5,4.6,27,1.3,0.0,0.0,0.0,22.3,0.0,2.2,0.1,4.3,5.9,0.0,4.6,8.9,0,0,7.4,5.3,0,39.2,0,0,0,0,0,0,0,10.3
0.8,0,0,0.5,9.7,34.3,0.3,0,7.1,0,0,1.3,0,0,0.3,5.6,0.8,0,0,0,0,0.5,0,0.5,5.6,0,1,0,0,0,0,0,0,7.1,39.6,0,0,0,5.1,68.6,0,0,0,0,0,0,27.4,0,0,2.2,0.0,21.9,0.0,0.0,0.0,0.0,23.4,0,13.9,22.9,5.9,65.3,0,0,13,0.4,0,4.5,0,0,12.3,0,0,0,0,11.8
0,0,0.8,0,20.8,7.9,1,0,1.8,0,0.3,1,0,0,1,0,11.2,0,0,0,0,0,2.5,15.2,0.5,0,0,1.8,0,0,1.3,0,0,0,0,7.1,0,1.8,0.8,5.3,19.6,0,0,0,2.7,0,0.4,0.9,1.8,8,0.0,3.1,0.0,2.6,0.0,0.0,101.5,0,2.6,99.8,4.6,20.8,0,0,6.3,5.5,0,0,0,0,10.9,0,0,0,0,0
0,0,14.2,21.1,9.7,8.6,0.5,0.8,1.5,0,0,0,0.8,0,1.3,1,0.5,0,0,0,6.4,0,14.2,0,1.8,0,15.2,0,0,0,15.7,0,6.4,0,0,0,0,0,0,26.9,0,0,0,0,0,1.4,0,0,0,0.1,0,0.0,0.0,0.0,28.2,0.0,14.3,0,0.6,40.6,12.5,15.7,0,0,9.2,12.7,0,6.7,0,0,53.8,0,4.9,0,6.8,0
0,31.8,0,0,15.7,43.9,0,0,0,0,14,0,0,0,0,0,55.4,0,0,0,0,0,0,0,0,0,86.9,16,20.1,5.6,0,0,5.6,0,0,0,0,0,0.8,2.3,4.1,0,0,0,7.3,0,0,0,0,0,0.0,0.0,0.0,0.0,0.5,0.0,2.0,0,0.1,0.0,11.0,30.5,0,0,6.9,18.2,0,6.4,0,0,80.5,0,0,0,6.3,0
15.5,9988,9988,9988,17.8,9988,9988,9988,0.3,9988,9988,9988,10.4,9988,9988,9988,3,9988,9988,9988,1.5,9988,9988,9988,0,9988,9988,9988,0,9988,9988,9988,0,9988,9988,9988,0.8,9988,9988,9988,0,9988,9988,9988,0,9988,9988,9988,4.4,9988,9988,9988,0.0,9988,9988,9988,9.3,9988,9988,9988,8.2,9988,9988,9988,7.6,9988,9988,9988,6.2,9988,9988,9988,0,9988,9988,9988
7.1,1.5,0,1,14.7,0,0,0.3,32.3,0,10.4,0,0,0,0,0,35.6,5.3,0,6.6,0,0,2.3,0.5,0,0,4.3,0,17.3,0,0,0,0,0,0,4.6,0,0.8,0.5,35.6,0,0,0,0.5,0,0,0,0,12.9,2.2,0.0,0.0,0.0,0.0,7.2,1.6,0.0,2.8,0,0.0,0.0,19.3,0,0,21.2,9.3,0,0,8.4,17.3,0,0,2.6,0,0,0
1.8,0.3,0,2.8,1,0,0,1.3,0,0,0,0,0,3,0,0,0,0,0,0,0,0,0,0,0,0,0,3,4.6,0.8,0,4.8,0,0,0,0,0,81,0,0.3,0,0,0,0,0,0,0,0,164.9,41.1,0.0,0.0,0.0,0.0,0.0,0.0,0.0,1.9,0.2,0.0,0.0,0,3,0,17.7,1.4,0.6,0,0,0,11.9,0,2.6,0,0,43.8
1.5,0,0,4.6,4.3,0,0,12.4,0,7.9,2.5,0,0,25.9,0.3,0.5,0,0,19.8,21.8,0,2.8,0,77.5,0,0,0,1.3,0,0,0,0.5,0,0,0,0,1.5,24.1,0,0,0,0,0,0,0,1.5,0,0,0,13.7,0.0,0.0,0.0,0.0,3.4,0.0,0.0,19.5,2,0.0,0.0,0,0,0,30.2,2,0.5,0,8.9,3.3,18,0,0,7.8,0,30.5
0,0,0,1.3,1.8,0,3,2.5,1.3,0,14.2,0,28.4,15.2,1.8,33,0,0,65,0,0,0,0,9.1,0,5.1,0.3,1.3,0,0,6.1,0.5,0,0,11.4,0,0,0,0,17.8,0.5,0.8,0,0.5,7.1,2.8,7.6,0,0,39.3,0.0,0.0,6.2,0.0,0.0,0.0,51.0,0,0.3,0.0,0.0,1,0,0,8.9,1.1,13.7,0,0,0,9.7,0,0,0,7.6,0
0,0,0.5,0,27.2,0,1.5,59.4,0,0,0,0,17.5,2.3,14.7,19.6,0,0,2,0,0,0,0,51.3,0,2,0,5.3,0,9.7,0,0,0.3,0,59.7,0,0.8,0,15.7,1.5,78,58.2,0,0,0.1,0,2.3,0,0,48.5,0.0,19.2,0.0,0.0,0.5,6.4,0.0,0,0.3,0.0,10.0,14.8,0,0,13.5,1,5.3,32.9,1.3,0,0,0,2.2,0,0,0
0.5,0,0,0,29,0,3.6,56.9,0,0,1.5,0,1.3,5.3,0,1,75.2,22.9,0,0,0,0,0,2,0,0,0.8,0,0,32.5,0,0,0,0,0,1,0.5,18.5,15.7,0,12.4,5.6,36.8,0,0.1,0,106.3,0,7.1,36.1,0.0,4.9,0.0,0.0,0.0,2.8,0.0,0,1.2,0.0,0.0,0,0,0,13.9,0.1,3.7,4.6,6.3,2.4,5.6,0,3.6,0,0,0
0,0,0,0.8,40.1,0,39.9,55.6,20.8,0,0,0,0,1.5,0,0,0,37.1,0,0.3,4.8,11.9,0,0.8,0,0,0,0.3,0,42.7,0,0,0,0,0,3.6,0,46.5,0,4.1,3.6,2,2.8,0,0,48.2,0,0,10.2,19.7,0.0,1.2,0.0,0.0,0.0,0.0,0.0,0,2.7,0.0,32.5,22.9,0,0,7.3,1.1,29.9,72.2,1.2,45.2,14.3,0,2.5,0,0,4.7
5.1,0,20.3,17.3,5.3,0,23.4,24.6,14.5,0,0,0,0,0,4.3,0,0,0,0,0,19.8,59.4,0,1.3,0,17.3,0,0,0,0,0,0,0,0,0,0,0,6.6,0,4.3,27.2,0,0,0,9.1,18.7,5.6,0,0,31.9,0.0,9.8,0.0,2.8,0.0,4.3,0.0,0,2.6,0.0,6.8,0,0,81,4.3,1.2,9.5,16.9,2.5,0,0,12.3,0,0,0,0
0.8,0,1,12.4,0,0,19.8,0,0.5,0,3.6,3.8,0,5.1,7.1,0,0,21.1,0,0,5.1,0,0,5.1,14.2,28.2,7.1,0,1,2.5,0,2.5,11.7,0,0,19.1,0,1.3,0,5.3,1.8,0,0,2,33.6,1.5,0,0,0,0,0.0,2.7,0.0,0.0,0.0,0.0,0.0,0,5.7,0.0,0.0,53.7,13.9,2.3,10.2,1.3,0,12,12.2,0.4,0,26.7,0,0,0,0
68.6,0,9.7,3.6,2.8,4.6,65.3,0.8,1,0,0.8,1,0,0.8,7.4,2.3,0,6.4,3,0,7.6,1.3,0,102.6,49,10.7,0,0,21.1,0,0,0,9.4,0,0,0.3,0,0,7.1,5.6,0,0,0.5,0,0.4,0,1.6,0,42.8,0,1.4,65.1,2.7,0.0,0.0,0.0,52.3,0,4.6,31.9,0.0,0,5,0,8.4,2.9,1,23.6,0,0,0,88.3,0,3.4,0,0
7.1,0,3.8,0.5,0,8.6,64.3,12.7,3,0,0,0,0,0,2.8,6.9,0,0,0,39.9,1.8,0,0,19.8,0.3,0.8,0,0,15.2,32,3.8,0,0,0,6.9,0.5,0,0,0,3,7.1,0,0,5.6,5.5,0,0,0,74.3,0,0.0,6.2,0.0,1.3,0.0,1.1,0.0,0,6.2,0.0,1.4,0,0,0,2.9,7.8,0,0,0,0,0,5.7,0,2.4,0,0
13.2,25.4,0,8.1,0,20.3,6.9,0,0,0,0,0,0,0,2.8,0.8,0,3,0,21.1,0,0,0,0.5,0.3,0.5,0.3,0,0,1.3,0,35.1,0,0,0,0,26.4,10.4,49.8,0,2,1.8,0,0.5,0,0,0,0,21.1,0,0.0,1.0,0.0,0.0,0.0,0.0,0.0,62.8,5,0.0,99.9,0,0,0,0.2,10.2,1.4,0,0,0,0,0,0,0,0,0
0,8.9,0,18.8,0,0,8.1,0,0,0,0,0,0,0,0,4.3,0.5,7.4,0,2.8,0,0,0,0,0,8.6,1.5,0.5,0,0,2.5,11.7,0,0,6.6,0,0,14.5,14.2,0,7.6,0,0,0.3,0,0,0,0,0.2,0,0.0,17.3,11.6,0.0,0.0,0.0,0.0,0,8.6,30.4,16.3,12.2,0,0,2.9,2.2,0,0,0,0,0,0,0,0,0,0
0,0,6.9,10.2,0,0,7.1,0,19.6,35.6,0,0,21.1,0.3,0,0,0,0,0,1.3,0,0,10.9,0,0,0.3,8.4,57.2,0,2,2.5,7.4,0,0,1.5,10.2,5.1,11.4,16.5,0,2,0,0,0,8.1,0,0,0,0.4,0,0.0,0.0,0.0,0.0,0.0,0.0,27.0,12.4,12.2,37.8,0.0,1,0,0,11.7,0.1,0,0,0,0,0,0,0,0.6,18.4,0
0,0,0,6.9,0,0,5.3,27.9,0,6.4,1.3,0,0,3.8,0,0,0,0,0,0,0,0,17.3,0,0,0,0,0,2,0,0,0,0,0,0,1.8,0,0,3.3,0,0,0,0,0,10,0,0,0,120.9,0,0.0,0.0,0.0,0.0,0.0,0.0,0.0,9.2,9.8,0.0,0.0,0,2.3,0,6.3,0.2,0,0,0,0,5.9,37.8,0,0,0,0
0,0,0,0,3.6,2,17.8,37.1,0.3,0,0,0,0,0.5,0,0,0,0,0,0,0,0,6.4,1,0,0,0,0,0,33,0,0,5.3,4.3,0,2.8,11.7,39.1,0,2.5,0,6.9,0,0,5.9,0,0,0,24.6,0,0.0,0.0,0.0,1.0,0.0,0.0,0.0,0,9.2,0.0,0.0,0,0,0,2.9,1.9,0,0,40.2,0,3.2,18.9,0,0,0,0
0,0.5,0,4.1,8.1,1.8,3.3,1.5,0,0.5,0,0,0,0,0,4.3,4.1,0,6.1,0,0.5,0,40.6,0,0,0,0,0,0,0,0,0,0,5.6,0,1.8,0.5,0,0,0,0,22.6,0,0,0,38.1,0,0,15.3,0,0.0,0.0,0.0,4.7,0.0,0.0,0.0,0,3.1,0.0,0.0,20.8,0,0,0.6,1.2,11.5,0,21.8,0,0,2.6,0,0,0,0
0,16.8,0,9.9,14,0,7.1,0.8,0,1.5,11.7,1.8,0,0,0,5.1,0,0.8,0,0,0.3,3.8,0,0,0,0,0,0,0,2.8,0,0,0,13.5,0,0,0,5.6,14.2,6.1,0,0.8,0,0,0,0,0,0,0,0,0.0,0.0,0.0,0.6,0.0,0.0,3.5,0,0.2,0.0,1.4,1.5,0,0,0.2,2.8,4.9,0,0,19.9,0,0,29.2,0,2.5,0
0,0.3,0,0,0,7.4,3.6,0,0,0,0,6.9,0,0,1.8,3.6,0.3,0,0,6.1,57.4,0,1,0,0,0,0,0,0,0,0,0,0,23.4,13.2,0,19.1,0,0,2.8,0,0,0,0,0,0,0,0,0,0.8,14.7,0.0,0.0,0.0,8.3,0.0,10.0,0,1.5,0.0,0.0,92.7,0,0,0.5,7.7,0,0,0,2.4,0,0,0,0,0,0
0,0,10.2,0,0,9.7,0,0,0.5,0,0,0,0,0.8,0.3,3.3,1.5,0,0,1.8,3.3,0.3,2.8,2.3,0,1.5,0,0,0.8,0,0,0,20.3,47.8,18,0,2,0,3.6,0,0.8,0,0,0,0,2.5,2.3,0,0,0,0.0,0.0,0.0,0.0,0.0,0.0,1.0,0,7,0.0,0.0,0,5.2,25.5,2.9,1.4,0,0,0,23.3,0,0,0,1.1,0,0
0,0,1.3,0,0,0,1,0,1.3,0,0,0,0,4.6,0,3.8,2,0,0,0,2.8,0.8,1.3,9.4,0,12.2,0,0,15,3.8,0,1.8,0,0.5,2,0,3.8,0,0,0,0,0,24.4,0,0,21.4,2.1,0,0,0,0.0,0.0,0.0,0.0,0.0,0.0,2.0,55.5,0.8,65.5,4.8,8.2,4.8,0,4.4,1.6,1.2,0,0,2.5,0,0,0,0,2.9,0
0,0,0,0,1.3,1.3,4.1,19.1,0,0,0,0,0,1.5,0,3,6.9,0,0,0,0,0,11.2,2.8,0,0.3,0,0,7.4,21.8,0,0,0,0,1.5,0,0,3,0,0,0,0,11.4,0,0,3.1,25.8,0,6.5,0.4,0.0,0.0,0.0,0.0,0.0,0.5,0.0,0,7.4,21.8,7.2,5.6,0,0,2.6,0.3,0,0,0,0,0,0,0,0,0,0
0,0,0,0,10.4,2,0,9.1,0,1.3,0,3.3,0,3.8,0,1.3,0,0,0,0,0,30.2,1.3,0,0,0.5,0,0,0,4.8,0,0.5,0,0,0,0,15.7,1,0,0,0,0,0,0,0,1.1,0.1,0,0,60.1,0.0,22.5,18.0,25.9,0.0,0.0,0.0,4.8,11.8,0.0,8.9,2.1,0,0,2.6,0.4,5,0,0,0,0,25.3,0,0,0,0
0,0,0.5,1.5,0.5,0,10.4,1.5,0,1.5,0,0,0,3.8,0,0,0,17.5,0,0,6.6,0,7.1,0,0,14.7,0,0,0,0,0,0,2.3,0,0,0,15.2,0,37.3,0,0,0,2.8,0,0,13.1,1.6,2.6,0,1.2,0.0,34.1,4.8,7.3,0.0,0.0,0.0,0,1.1,0.0,0.0,0,0,29.3,2.5,2.7,1,0,0,0,0,0,0,0,0,0
3,0,0.3,0,0.3,0.5,20.3,0,1,6.6,0,8.4,0,0,0,8.6,0,0,0,0.3,0,5.6,15,0,0,1.3,0,0,1.3,0,3,0,2.8,0,0,5.3,22.9,0,0,0,0,0,0,0,0,0,0,1.1,0,0,0.0,15.2,0.0,29.7,50.0,0.0,0.0,0,1,0.0,0.0,0,0,61.5,3.4,0.5,0,13.4,2.9,0,0,0,18.8,0,14.7,0
0.3,0,0,0,0,3,15.2,0,0,0,0,0,0,0,0,4.1,2.5,0,0,0,0,0.3,5.8,2.3,0,0.3,0,0,9.7,0,0,3.8,0,0,0,0,21.8,0,11.9,0,0,0,0.8,0,0,3,1.3,3.5,0,0,0.0,3.3,0.0,0.0,3.3,0.0,0.0,0,1.5,0.0,0.0,0,0,23.4,2.8,0,0,0,0,0,0,0,0,1,0,0
1.3,0,0,0,0,0,0.5,0,0,1.5,0,0,0,0,0,0.5,18.3,0,9.1,0,0,10.9,37.1,0.8,0,1,0,0,0.5,0,0,0.3,2,0,3.3,2.8,0.5,0,0.8,0,0,0,0,0.5,0,0,1.6,8.1,2.3,0,0.0,0.9,1.0,0.0,0.0,0.0,0.0,0,1.3,97.4,0.0,0,0,5.5,0.4,0,0,0,0,0,0,0,0,0,0,0
1.8,0,0,0,0,0,0.5,1.3,2,3.6,0,0,0,0.3,0,0,0.3,0,0,0,0,0,4.1,3.3,0,0,0,0,0,0,0,0,5.1,0,0,0,0,0,0,0,0,0,0,0.5,19.1,1.9,0,0,0,0,99.0,0.0,0.0,0.0,4.3,1.2,0.0,0,0.7,69.9,0.0,0,1,2.3,1,0.7,54.5,0,0,0,0,0,0,0,0,0
0,0,0,0,0.8,0,0,4.6,2.5,8.1,0.8,0,0,0,0,18,0,0,0,0,0,19.3,2.5,0,0,0,0,0,0,0,4.8,0,0,0,0,0.8,0,0,0,0,0,1.3,0,0,0,16.3,0,0,0.4,0,9.5,0.0,0.0,0.0,0.0,4.0,0.0,0,0,12.3,0.0,0,4.8,13.5,4.5,0,17.4,0,0,0,0,0,0,0,0,0
0.5,0.3,0.5,0,0,0,0,0.3,14.2,0,0,0,0,0,4.3,0,13,0,0,0,0,3.6,0,0.3,0,2.3,0,0,0,0,0,0,0,0,0,0,0,0,0,46.2,0,14.2,0,0,4.2,0.5,0,0,0,0,0.0,0.0,0.0,0.0,3.6,0.0,2.1,0,0.2,15.8,0.0,0,9.7,0,8.1,0.7,1,0,0,3,0,0,0,0,0,7.5
0.3,0,0.8,0,0,0,2,0,0,0,2.5,0,0,2.3,0.5,0,6.1,0,0,1,0,0,0,0,0,0,2.3,0,0,0,0,0,0,39.9,18.8,20.3,0,0,0,0,0,0,0,0,0,0,4.7,0,0,0,0.0,0.0,0.0,0.0,0.0,0.0,1.0,88.9,0.1,10.9,0.0,0,0,0,10.9,0.1,0,0,0,0,0,0,0,0,0,3.5
0,0,0,0,0,0,0.8,3.3,5.1,0,0,0,0,2,0,0,0.3,0,0,0,0,0,0,0,0,0.5,7.6,0.7,0,0.3,0,0,4.6,8.1,4.3,0,0,0,0,0,0,0,0,0,0.8,0.4,1.8,2.1,0,24.7,0.0,0.0,0.0,0.0,0.0,28.3,0.0,0,0.4,7.8,0.0,0,0,0,5.5,0,0,0,0,0,0,0,11.2,0,0,0
0,0,0,0,0,0,0,0,0,0,0,0,0,0,0.3,0,2.3,0,0,0,0,0,0,0,0,0.8,4.3,0,0,5.6,0,0,0,0,2.8,0,15.2,0,8.1,1.3,0,0,0,0.5,2,3.9,1.7,0.4,0,3.5,0.1,0.0,0.2,0.0,0.0,2.1,0.0,0,0.7,5.0,4.0,0,0,0,3.3,0,0,0,0,8.4,0,0,10.1,0,0,0
0,0,0,0,0,0.5,0,2.5,0,0,0,0,0,0,2.8,0,9.7,0,0,0,0,0,0,0,0,0,0,1.2,0,17.3,0,0,0,0,3,0,1,0,0.8,0.5,0,0,0,0,0,1.8,35.7,0,0,0,0.3,0.0,1.9,0.0,0.0,1.0,0.0,24.6,0.4,21.0,1.6,0,0,0,1.1,0.4,2.5,0,0,28.4,0,9.7,0,22,0,0
15.5,0,0,6.4,0,0,0,0.8,0,2.8,0,0,0,0,0,0,5.6,0,0,0,0,0,1.5,0,0,0,0,0.4,0,0,0,0,0.5,0,25.9,0,0,0,20.6,0,0,0,0,0,0,0,0.5,0,0,0,0.1,0.0,0.0,0.0,0.0,0.0,0.0,0,0.3,60.6,0.0,2.5,0,12.5,3.4,0.1,0,0,0,1.2,0,0,0,42.3,0,0
2.3,0,0.5,13.2,0,0,0,18.8,0,37.6,0,0,0,1.5,0,0,29,0,0,0,0,0,7.6,0,0,0,0,0,0,0,0,0,0,0,0,5.3,0,0,0.3,0,0,0,1.3,0,1.1,0,1.8,0,0,2.1,0.4,0.0,0.0,0.0,0.0,3.4,1.6,1,0,9.2,18.2,35.8,0,7.5,1.8,0.8,0,0,0,0,0,0,0,0,0,0
0,0,0,0,13.5,0,0,1.3,0,20.6,2.8,0,0,1.5,0,0,30,25.9,0,0,0,0,8.4,0,0,0,0,0,2.8,22.9,0,0,35.8,56.6,0,0,0,0,0.5,0,0,0,0.3,0,0,0,0,0,0,2.3,0.1,0.0,0.0,0.0,0.0,0.1,2.8,0,2.3,11.6,0.0,8.9,0,0,3.2,0.6,0,0,0,0,0,3.5,0,0,0,0
9.9,0,1.5,0,0,0.8,3,0,10.7,0,1,0,0,0,0,3.3,0,0,0,0,0,0,1.5,0,0,0,0,0,0,0,0,0,3.3,0,0,5.1,0,0,0,0,0,0,0,0,4.3,0,0,0,0,0,0.0,19.4,0.0,0.0,0.0,0.0,0.0,64.8,2.7,8.0,0.0,0,13.3,0,6.1,1.3,0,0,0,0,0,0,0,0,0,5.6
3.3,0,0,1.3,0,0,0.5,0,9.9,0,0,0,0,0,0,6.6,0,0,0,0,0,0,0,0,0,0,0,0,0,2.8,23.4,0,0,14.2,0,0,0,0,0,0,0,0,0,0,0,4.7,0,0,0,0,0.0,0.3,0.0,2.8,0.0,0.0,2.9,2,1.6,10.9,0.0,0,3.2,0,2.8,0.9,0,0,0,0.3,0,0,0,0,0,0
0.3,0,1.8,0,0,0,2.3,0,0,0,0,0,0,0,0,0,0,0,0,0,0,0,0,0,0,0,0,0,0,0.5,43.2,0,3,0.5,0,0,3.3,0,0,0,0,6.1,0,0,0,0.4,0,0,0,0.2,0.0,0.4,0.0,0.0,0.0,0.0,0.0,0,1.6,0.0,2.2,0,1,0,0.7,0.6,0,0,0,0,0,0,0,0,0,17.2
1.8,0,8.1,0,0,0,10.2,0,0,0,0,0,0,0,0,0,37.3,0,0,0.3,0,0,0,0,0,0,0,0,0,0,0,0,0,0,0,0,0,0,0,0,0,20.6,0,0,0,3.2,0,0,0,0,0.3,0.0,0.0,0.0,0.0,0.0,0.0,0,3.7,10.0,5.4,0,0,0,0.3,0.4,0,0,0,0,0,0,23.9,0,5.6,0
1.3,0,3.6,0,0,0,0,0,0,0,0,0,2.8,0,2.3,0,0,0,0,0,13,0,0,3,0,0,0,0,0,0,0,0,0,0,0,0,0,12.7,28.7,0,0,2,0,0,0,1.3,0,0,0,0,0.9,6.1,0.0,1.3,0.0,1.4,0.0,0,0.8,0.0,2.8,0,0,2.8,0,0,0,0,0,0,0,0,0,0,0,0
0,0,1.5,0,0,0,0,1,4.6,0,62.2,0,23.6,0,0,0,9.1,1,0,0,1.5,0,0,0,0,0,0,0,0,0,0,0,0,0,0,0,0,0,4.6,0,85.1,0,0,0,0,2.5,0,0,7.8,0,0.1,0.7,0.0,0.0,24.2,0.0,0.0,0,0.1,7.8,0.0,0,0,2.5,5.5,0,0,0,0,0,6.9,0,0,7.5,0,0
0,0,2.3,0,0,0,0,0,7.9,0,0,0,0.5,0,2.5,0,22.1,4.1,0,0,0.3,0,0,0,0,0,0,0,3.8,0,0,0,0.5,0,0,0,0,2.8,0,0,0,0,1.3,0,0,0,0,0,14.4,0.6,0.1,1.2,0.0,0.0,0.0,0.0,0.0,0,0,5.4,0.0,0,0,0.7,3.4,0.2,0,1.7,0,0,0,0,0,0,0,0
0,0,2.5,0,0,0,0,0,12.7,0,0,0,0,0,0,2.5,0.3,0,0,0.5,0,0,0,0,0,0,0,0,0,0,0.5,0,0,0,0,0,2.5,0,0,0,0,0,0,0,0,0.5,0,0,1.2,0,0.0,0.2,0.0,0.0,0.0,0.0,0.0,1,0.1,8.0,0.0,0,0,2.3,0.4,0.1,0,0,0,0,0,0,0,0,0,0
0,0,1.3,0,0,0.5,0,15.5,3,0,0,0,0.5,0,0,9.9,0.3,0,0,1.8,0.3,0,5.1,0,0,15.5,0,0,4.3,0,1,0,0,0,0,0,0,0,0,19.1,0,2,0,0,0,0,0,0,0,0,0.0,0.0,0.0,0.0,0.0,0.0,0.0,0,0.7,6.0,0.0,0,0,2,0.3,0.4,0,0,0,0,0,0,0,0,0,0
0,0,0,0,0,0,0,0.3,0,0,0,0,0,0,0,0,1.3,0,0,4.6,0,0,2.5,0,0.5,2.3,0,0,0,0,0,0,0,9.7,0,0,0,0,35.8,11.7,0,0,0,0,0,0,0,19.6,0,0,0.1,0.0,0.0,1.0,0.0,0.0,0.0,0,0.5,0.0,0.0,0,0,0.4,4.5,0,0,0,0,0,0,0,0,0,0,0
0,0,0,0,0,0,0,0,0,0,0,0,0,0,0,0,6.1,7.6,32.3,2.3,0,0,0,0,0,2.5,0,0,0,0,13.7,0,0,0.8,0,0,0,0,1,0,36.1,0,1.3,0,0,0,0,16.8,0,0,1.1,0.0,0.0,4.7,0.0,0.0,0.0,0,4.8,0.0,0.0,0,0,1.7,4.5,0,0,0,0,0,0,0,0,0,0,2.4
0,0,0,4.6,0,0,1.8,0,1.3,0,0,39.4,0,0,0,0,4.3,0,0,0,0,0,0,0,0,0,3.6,0,0,0,12.2,0,0,0,0,1.5,0.8,0,0,0,1.5,0.5,2,0,0,0,0,0,0,0.4,0.7,0.0,0.0,0.6,4.2,0.1,0.0,0,2.3,0.0,0.0,0,0,2.9,4.7,0,0,0,0,0,0,1.9,0,0,0,2.2
0,0,0,0,0,0,15.2,0,0,0,0,0,2.3,0,0,0,0,3.3,0.5,0,0,0,0,0,0,0,0,1,61.7,0,0,0,0,0,0,1.5,0.8,0,5.1,0,2.3,0.5,0,0,0.5,0,0.7,0,0,0,0.2,0.0,0.0,0.0,0.0,0.0,0.0,0,0.7,0.0,0.0,0,0,3.3,7,0,9.9,0,0,0,0,0,0,0,0,0
0,0,0,0,8.1,1.3,0,0,0,0,0.8,0,2.3,7.9,0,0,3.8,5.1,0,0,0,0,0,0,0,0,16.5,0.3,0.5,0,0,0,0,0,0,0,37.6,0,0,0,0,0.7,1,0,0,5.3,0,0,0,0,0.6,0.0,0.0,0.0,0.0,0.0,0.0,0,0.5,0.0,0.0,0,0,1.6,7.2,0,0,10.2,0,0,0,0,0,0,0,0
0,0,0,0,7.6,0,0,0,0,0,0,0,1.8,0,0,0,5.3,0.5,0,0,0,3,0,0.8,0,0,3,4.8,0,0,0,0,0,0,0,0,0,0,0,2.8,0,15,12.4,0,0.3,0,4.8,0,0,0,1.4,0.0,0.0,0.0,0.0,0.0,0.0,0,0,0.0,0.0,0,0,0.3,4.9,0,0,0,0,7.2,0,0,0,4,0,0
0,0,0,0,0,0,0,0,0,0,0,0,0,0,0,0,11.4,0,0,0,0,8.6,0,1,4.1,0,7.6,2.2,0,0,0,3.8,0,0,0,0,0,0,0,0,0,0,0,0,1.3,0,4.6,0,0,0,0.5,2.2,0.0,0.0,0.0,0.0,0.0,0,0,0.0,0.0,0,0,0,1.6,0,0,0,0,3.4,0,0,0,0,0,0
0.5,0,0,0,0,0,0,0,21.6,0,0,0,0,0,0,2.5,0,0,0,0,0,0,0,0.5,1.8,0,0,2.8,0,0,0,0,0,0,0,0,0,0,0,0,0,0,2.5,0,0,0,3.4,0,0,0,1.0,0.2,0.0,25.9,0.0,0.0,0.0,0,0,0.0,0.0,0,0,0,3.4,0,0,0,0,0,0,0,0,0,0,0
0,0,0,1.3,0,0,0,0,0,0,0,1,0,0,0,0,0,0,0,0,0,0,0,0,0,0,0,0.8,0,0,0,0,0,0.5,0,0,0,0,0,0,0,0,2.3,5.9,0,0,0,0,0.9,0,0.6,0.0,7.1,7.3,0.0,0.0,0.0,0,0,0.0,0.0,0,0,0,2.4,0.8,0,0,0,0,15.6,0,0,1,0,0
0,0,0,5.1,0,0,0,0,0,0,0,0,7.6,0.3,0,0,0,0,0,0,36.8,1.5,0,0,0,0,0,0.2,0.3,0,0,0,0,1,0,0,0,0,0,0,0,0,0,0.2,0,0,1.8,0,0,2.7,1.3,0.1,1.3,29.7,2.3,0.0,0.0,27.5,0,0.0,0.0,0,0,0.1,3.1,1.3,3.2,0,0,0,13.4,0,0,0,0,0
0,1.5,0,6.1,0,0,0,0,0,0,0,0,1.5,0,0,0,0,0,0,0,2.3,0,0,0,0,0,0,0.1,0,0,0,0,0,0,0,0,5.8,0,7.4,0,0,0,0,0,0,0,0,0.1,0,0,0.4,0.0,0.0,0.0,0.0,0.0,0.0,0,0,0.0,0.0,0,0,1.1,1.8,2.6,5.1,0,0,0,0,0,0,0,0,0
0,0,0,0,0,0,0,0,0,0,0,0,0,0,12.7,5.6,0,0,0,0.3,1.5,0,0,0,0,0,0,0,0,1,0,0,0,5.3,31.8,0,0,0,0,0,0,0,0,0,0,0,0,0,0.2,0,0.5,0.0,0.0,0.0,0.3,0.0,0.0,0,0,10.9,0.0,0,0,0.9,4.9,2.9,1,0,0,0,0,0,0,0,0,0
0,0,0,0,0,0,0,0,0,0,0,0,0,0,0,9.1,0,0,0,0,0,0,29,0.3,0,0,0,0,0,0,0,0,0,0,0,0,0,0,2.3,0,0,0.8,0,0,0,0,0,0,14.9,0,0.2,0.0,0.0,0.0,0.0,0.0,0.0,0,0.2,15.8,0.0,0,0,1.1,5.1,0.9,0,0,0,0,0,0,0,0,0,0
0,0,0,0,17,0,0,0,0,0,0,0,0,0,1,1.3,4.1,0,0,0,0,0.3,0,0,6.9,0,3,0,0,0,0,0,0,0,19.3,0,0,0,0.3,0,0,27.7,0,0,8.5,0,0,0,19,25.8,1.5,0.0,0.0,0.0,0.0,0.0,1.2,0,0.2,18.7,4.8,0,0,0.6,6.2,0.8,0,0,0,0,0,10.9,0,0,0,0
0,0,0,19.8,0,6.1,3.3,7.4,2.5,11.7,0,0,0,0,0,0,0,0,0,0,0,0,0,1.5,1.5,0,0.5,0.9,0,0,0,0,0,0,5.8,0,0,0,0,0,0,3,0,0,0,0,0,1.5,1.2,3.9,0.0,0.0,0.0,0.0,0.0,0.0,4.5,0,0.3,9.8,0.0,0,0,0.1,3.4,0.1,0,0,0,0,0,4.3,0,0,0,0
0,0,0,0.5,0,9.1,0,4.8,7.6,0,0,0,0,0,0,0,0,0,6.9,0,0,0,0,0,0,0,0,0,0,0,0,0,0,0,0,0,0,0,0,0,0,8.9,0,0,4.4,0,0,0,1.6,0,0.7,0.0,0.0,3.5,0.0,0,2.5,0,0.8,5.0,0.0,0,0,0,2.3,0.4,0,0,0,0,0,0.3,0,1.7,0,
0,0,0,0,0,0,0,0.8,0,0,0,0,0,0,0,0,0,0,1,0,0,0,0,0,0,0,0,0,0,0,0,0,0,0,0,0,0,0,0,0,0,0,2.3,0,0,0,0.4,0,1.5,0,0.0,0.0,0.0,0.4,0.0,0,0.0,0,0.1,8.9,0.0,0,1,0,1.4,0,0,0,0,0,0,0.1,0,0.9,0.1,
0,0,0,0,0.8,0,0,0,0,10.9,0,0,0,0,0,0,0,0,0,0,0,0,0,0,1,0,0,0,0,0,0,0,0,1.3,0,0,0,0,0,0,0,2,0,0,0,1.2,0,0,11.4,0,0.0,0.0,0.0,0.1,0.0,0,0.0,0,0.2,0.0,0.0,0,0,0.2,1.3,0,0,0,0,0,0,0,0.1,0,0.2,
0,0,0,0,0,0,0,0,0,1.8,0,0,0,0,0,0,0,0,0,0,0,0,0,1,0,0,0,0,0,0,0,0,0,0,0,0,0,0,0,0,0,0,0,0,0,0,0,0,3.2,0,0.0,0.0,0.0,0.0,0.0,0,0.0,0,0.1,0.0,0.0,0,0,0,2.7,0,0,0,0,51.6,0,0,0,0,2.7,
0,0,0,0,0,0,0,0,0,1,0,0,0,0,0,0,0,0,0,0,0,0,0,2.5,0,0,0,0,0,0,0,0,0,0,0,0,7.6,0,0,0,0,0,0,0,0,0,0,0,0,0,0.0,0.0,0.0,0.0,0.0,0,0.0,0,0,0.0,0.0,0,0,0,0.1,0,0,0,0,0,0,0,0,0,1.7,
0,0,0,0,0,0,0,0,0,0,37.8,0,0,4.6,0,0,0,0.3,0,0,0,9.9,0,0,0,0,0,0,0,0,0,0,0,0,0,0,0,0,0,0,0,0,0,0,0,0,0,0,0.7,0,0.0,0.0,0.0,0.0,0.0,0,0.0,0,0,0.0,0.0,0,0,0.1,0.1,0,0,0,0,0,0,0,0.2,0.7,4.5,
0,0,0,0,0,0,0,0,0,1,0.5,0,0,6.4,0,0,0,3.6,0,0,0,6.9,0,0,0,3.6,0,0,0,0,0,0,0,0,3.6,0,0.8,0,0,0,0,0,0,0,0,0,0,0,29.4,0,0.0,0.0,0.0,0.0,0.0,0,0.0,4.2,0,0.0,5.2,0,0,1.6,3.8,0,0,0,0,0,0,0,0.8,0.6,0.9,
0,0,0,0,0,0.3,0,0.5,0,0,0,0,5.1,0,0,0,0,1.3,0,0,0,0,5.6,0,0,0.3,0,10.4,0,1.5,0,0.3,0,0,0,0,0,0,0,1.8,0,0.5,2.5,0,29.7,0,0,0,0,0,0.0,1.1,0.0,0.0,0.0,0,0.0,0,0,0.0,0.0,0,2.9,0.7,2.6,0.2,0,0,0,0,0,0.2,2.6,0.3,0.4,
0.3,0,0,0,0,4.8,0,1.5,0,0,2.5,2.5,3.8,0,0.8,0,0,0,0,0,0,0,0,0,0,0,0,2.3,0,0,0,0,0,0,0,0,1.8,0,0,0,3.8,6.1,4.8,0,0,0,0,0,0,0,0.0,0.0,0.0,0.0,0.0,0,0.0,0,0,0.0,0.0,0,0,0,4.1,0.4,0,0,0,0,0,0,1.5,0,0.2,
0,0,0,0,0,1,0,0,0,0,2,1,0,5.3,2.3,0,0,0,0,0,20.1,0,0,0,0,0,0,0,0,0.8,0,0,0,0,2.5,0,0,0,0,0,0,0,0.8,0,0,0,0,0,0,0,0.0,0.0,0.0,0.0,0.0,0,0.0,0,0,0.0,2.3,0,0,0,3.3,0.2,0,0,0,0,0,0,0.1,0,0.1,
0,3.3,0,0,0,0,0,0,0,0,0,0.8,0,0,0,0,0,0,0,0,2,0,0,0,0,0,0,0,0,0,0,0,0,1,0,0,0,0,0,0.8,0,0,0,0,0,0,0,0,0.3,0,0.0,0.0,0.0,0.0,0.0,0,0.0,0,0,0.0,0.0,0,2.3,0,3.1,0.6,0,0,0,0,0,0,0.1,0,0,
0.3,0,0.3,0,0,0,0,0,0,0,0,0,0,0,3,0,0,0,0,0,0,0,0,0,0,0,0,0,0,0.3,0.5,0,1,0,0,0,0,0,0,0,0,0,0,3.4,0,0,0,0,5.6,0,0.0,0.0,0.0,0.0,0.0,0,0.0,0,0,11.5,1.0,0,0,0,0.2,0,0,0,0,0,0,0,0,0,0,
0,0,1.5,0,0,8.4,0,0,0,0,0,0,0,1.5,0,0,0,0,0,0,0,0,0,0,0,0,0,0,0,0,0,0,0,0,0,0,0,0,0,0,0,0,0,0,0,0,0,0,0,0,4.0,0.0,7.1,0.3,2.6,0,0.0,0,0,1.0,0.0,0,0,0,0.3,0.1,0,0,0,0,0,0.1,0,0.4,0,
0,0,0,0,0,0,6.9,0.5,0.3,0,0,0,1,0,0,0,0,0,0,0,0,11.9,0,0,2,0,0,0,0.8,0,0.3,2.5,0,0,0,0,0,0,0,0,0,0,0,0,0,0,0,0,0,0,0.0,0.0,21.3,0.0,0.0,0,0.0,0,0,0.0,0.0,0,0,0,0.1,0.1,0,0,0,12.4,0,1,0.1,0.1,0.7,
0,0,0,0,0,2.5,0.3,11.2,0,0,0,0,0,0,0,3.6,0.5,0,9.9,0,0,0,6.1,0,0,0,0,0,0,0,1,22.4,0,0,0,0,0.3,0,0,0,0,0,0,0,0,7.2,0,0,0,0,1.2,0.0,12.4,0.0,0.0,2,0.0,0,0,0.0,0.0,0,0,5.8,0.6,0,0,0,0,0,0,0.1,0,0,0,
0,0,0,0,5.8,0,8.1,0,0,0,0,0,0,0,0,3,0.3,0,0,0,0,0,0.5,0,0,0,0,0,0,0,0,6.6,0,0,0,0,0,0,0,0,0,0,0,0,0,0.8,0,0,0,0,0.2,0.0,0.0,0.1,0.0,0,0.0,0,0.2,0.0,0.0,0,0,2,0.6,0,0,0,0,0,5.4,2.2,0,0,0,
0,0,0,0.5,3,0,0,0,0,0,0,0,0,0,0,7.1,0,0,0,0,0,0,0,0,0,1.8,0,2.8,0,0,0,1.5,0,0,1.5,1.5,1.3,0,0,1.5,0,0,0,0,0,0,0,0,0,2.2,1.1,0.0,0.0,0.0,0.0,0,0.0,1,0.1,0.0,1.6,0,0,1.1,0.4,0,0,0,0,0,5.9,3.1,0,0.1,0,
0,0,0,0,0.5,0,0,0,0,35.6,0,0.8,0,0,0,0,0,0,0,0,0,0,0,0,0,0,0,7.1,0,0,0,0,7.4,0,0,0,1.3,0,0,1.3,0,0,0,0,0,0,0,0,0,0,0.0,0.0,0.0,1.3,0.0,0,0.0,0,1.7,4.8,0.0,0,0,0.9,1.4,0.2,0,0,0,0,3.7,4.1,0,0.3,0.9,
0,0,1,0,4.6,0,0,0,0,0,0,0,0,0,0,0,0,0,0,0,0,0,0,0,0,0,0,0,0,0,0,0,0,0,0,0,0,0,0,0,0,0,0,0,0,0,0.2,0,0,0,1.8,0.0,0.0,1.6,0.0,0,0.0,0,0,0.0,0.0,0,0,0.4,2.9,2.6,0,0,2.3,0,0,1.6,0,2.7,4.6,
0,0,2,0,0,0,0,0,0,0,0,0,0,0,0,0,0,0,0,0,0,0,0,1.8,0,0,7.4,0,0,0,0,0,0,0,0,1,0,0,0,0,4.6,2.3,0,0,3.7,0,3.9,0,0,0,0.0,0.0,0.0,0.0,0.0,0,0.0,0,0,0.0,0.0,0,0,0.4,0.2,7.4,0,0,8.6,0,0,1.5,0,1.8,0.3,
0,0,0,0,0,0,0,0,0,0,1.3,0,0,0,0,0,12.2,0,0,0,0,0,0,0,0,0,0,0,0,0,0,0,0,0,0,0,5.8,0,0,0,24.6,0.5,0,0,5.8,0,0,0,0,0,0.0,0.0,0.0,0.0,0.0,0,0.0,0,0.1,0.0,0.0,0,0,0.5,3,3.4,0,0,0,0,0,0.5,0,0.1,0,
0.8,0,0,0,0,0,0,0,0,0,0.8,0,0,0,0,0,0,0,0,0,0,0,2.5,0,0,0,0,0,0,0,0,0.8,0,0,0,0,8.4,0,0,0,0,0,0,0,0,0,0,0.3,0,0,0.0,0.0,0.0,0.0,0.0,0,0.0,0,0.3,0.0,0.0,0,0,0.2,4.4,0.6,0,0,0,0,0,0.4,0.2,0,0.2,
1.8,0,0,0,0,0,0,0,0,0,0,0,0,0,0,0,0,0,1,0,0,0,0,0,8.1,0,0,0.3,0,0,0,0,0,1,0,0,0,0,0,0,0,1.3,0.3,0,0,0,0,2.3,0,0,1.0,0.0,0.0,0.1,0.0,0,0.0,0,0.5,0.0,0.0,0,0,0.1,3.1,0,0,0,0,0,0,0.6,0.1,0,4.6,
0,0,0,0,0.3,0,0,0,0,0,0,0,0,0,0,0,0,0,0,0,0,0,0,0,2.8,0,0,0,0.3,0,0,0,0,0.5,0,0,0,0.8,0,0,0,0.5,0,0,0,0,0,0,0,0,3.4,0.0,0.0,0.0,0.0,1.4,0.0,0,0.1,0.0,0.0,0,0,0,2.1,0,3.9,0,0,0,0,0,0.1,0,2.2,
0,0,0,0,0,0,0,0,3.3,0,4.3,0,14.7,0,2,0,0,0,0,0,1.8,0,0,0,0.3,0,0,0,0,0,0,0,0,0,0,0,0,0,0,0,0,0,0,0,0.8,0,0,0,0,0,0.0,0.0,0.0,0.0,0.0,4.2,0.0,0,0,0.0,0.0,0,0,0,0.5,0.1,0,0,0,0,0,0,0,0,1.1,
0,0,0,0,0,0,0,0,0,4.8,0.8,0,4.6,0,0,0,0,0,0,0,0,0,0,0,6.1,0,0,0,0,0,0,0,0,0,0,0,0,0,15.2,0,0,0,0,0,4.9,0,0,0,0,0,0.0,0.0,0.0,0.0,0.0,0,0.0,0,0,0.0,0.0,0,0,0,3,0.3,0,0,0,0,0,0,0,0,0,
0,0,0,0,0,0,1.8,0,0,3.8,2,0,0,0,0,0,0.3,0,0,0,0,0,0,0,0.5,0,0,0,0,0.8,0,0,0,0,22.9,0,0,0,0,0,0,0,0,0,0,1.7,0,0,0,0,0.0,0.0,0.0,0.0,0.0,0,6.2,0,0,0.0,0.0,0,0,0,1.2,0,0,0,0,0,0,0,0.2,0,0.1,
0,0,0,0,0,0,1.3,0,0,0,0,0,0.3,0,0,0,2.5,0,0,0,4.3,0,0,0,1,0,0,0,0,0.8,0,0,0,0,0,0,0,0,0,0,0,0,0,0,0,0,0,15.6,0,16.2,0.0,0.5,0.0,0.0,0.0,1.6,0.0,0,0,0.0,0.0,0,0,0,0.8,0,0,0,0,0,0,0,0.3,0,0.1,
0,0,0,0,0,0,3.8,0,0,1.5,0,0,0,0,0,0,0,0,0,0,2.5,0,0.5,0,0,0,0,0,0,0,0,0,0,0,0,0,0.5,0,0,0,0,0,0,0,0,0,0,0,0,5,0.0,5.3,0.0,0.0,0.0,0,0.0,0,0,0.0,0.0,0,0,0.9,0.1,0,0,0,0,0,14.9,0.1,0,0,0,
0,0,0,0,0,0,0.8,0,0,1,0,0,0,0.8,0,0,3,0,0,0,0,0,13,0,0,0,0,0,0,0,0,0,0,0,0,0,0.3,0,0,0,0,0,0,0,0,0,0,0,0,0,0.0,0.0,0.0,0.0,0.0,0,0.0,0,0,0.0,0.0,0,0,0.3,5.3,0,0,0,0,0,0,2.6,0.1,0,0,
0,0,0,0,0,0,0,0,0,0,0,0,0,0,0,0,1.3,0,0,0,0,0,0,0,0,0,0,0,0,0,0,0,0,0,0,0,0,0,0,0,3.3,0,0,0,0,0,0,0.5,0.1,0,0.0,0.0,0.0,0.0,0.0,0,0.0,0,0.1,0.0,0.0,0,0,0.2,2.3,0,0,0,0,0,0,1.4,0.1,0,0.1,
0,0,0,0,0,1.3,0,0,0,0,1.3,0,0.3,2.8,0,0,0,0,0,0,0,0,0,0,0,4.8,0,0,0,0,0,0,0,0,0,0,0,0,0,0,7.9,0,0.3,0,0,0,0,0,0,0,0.0,0.0,0.0,16.2,0.0,0.0,0.0,0,0,0.0,0.0,0,0,0.3,0.7,0,0,0,0,0,0,0,0.2,0,0,
0,0,0,0,0,0.5,0,0,0,5.8,0.8,0,2.3,0,0.3,0,0,0,0,0,0.8,0,0,0,0,0,0,0,0,0,0,0,0,0,0,1,0,0,0,13.7,0,0,1,0,0,0,0,0,0,0,0.0,0.0,0.0,0.0,0.0,4.1,0.0,0,0,0.0,0.0,0,0,0.2,2.7,0,0,0,0,0,0,0,0.1,0,0,
4.1,0,0,0,0,1.8,0,0,3,1.8,1.5,0,4.3,0,0,0,0.3,0,0.3,0,7.6,0,0,0,0,0,0,0,0,0,0,0,0,0,0,0,0,0,0,6.9,0,0,0,0,0,0,0,0,0,0,0.0,3.5,0.0,0.0,0.0,5.0,0.0,0,0,0.0,0.0,0,0,0.1,1.9,0.2,0,0,0,0,0,0,0.1,0,0,
2.8,0,0,0,0,0.5,0,0,3.8,1.5,0,0,0,0,0,0,0,0,0,0,0,0,0,0.8,0,0.5,0,0,0,0,0,0.3,0,0,0,1.3,0,0,0,0,0,0,0,0,0,0,0,0,0,0,0.0,0.0,0.0,18.9,0.0,0.0,0.0,0,0,0.0,0.0,0,0,0,3,0.1,0,0,0,0,0,0,3.1,0,0,
3.6,0,0,0,0,1,0,0,0,0,0.8,0,0,0,0,0,0,0,3,0,0,0,0,0,0,0,0,0,0,0,0,0.8,0,0,0,0,0,0,0,0,0,0,0,0,0,2.1,0,0,0,0,0.0,5.4,0.0,0.5,0.0,0.0,0.0,0,0,0.0,0.0,0,0,0,0.9,0,0,0,0,0,0,0,1.8,0,0.1,
2.5,0,0,1,0,0,0,0,0,0,0,0,0,0,0.3,0,0,0,0,0,0,0,0,0,0,0,0,0,0,1,0,0,0,0,0,0,0,0,0,0,0,0,0,0,0,0,4.6,0,0,0.8,0.0,0.5,0.0,0.0,0.0,1.0,0.0,0,0,0.0,0.0,0,0,0.2,0,0,0,0,0,0,0,0,0.3,0,0.3,
0,0,0,0,0,0,11.7,3.3,0,0,0,0,0,0,0,0,0,0,0,0,0,0,0,5.1,0,0.3,0,0,0,2.5,0,0,0.5,0,0,0,0,0,6.6,0,4.6,0,0,0,0,0,2.4,0,0,0.4,0.0,0.7,1.0,0.0,0.0,0.0,0.0,0,0,0.0,0.0,0,0,0,0,0,0,0,0,0,0,0,0,3,1,
0,0.8,0,0,0,0,0.3,9.4,0,0,1,0,0,0,0,0,0,0,3.8,0,0,0,0,0,0,2.5,0,0,0,0,0,0,4.1,0,0,0,0,0,0.3,0,0,0.5,0,0,15.8,0,0.3,2.7,0,0,0.0,0.0,0.0,0.0,0.0,0.0,0.0,0,0,0.0,0.0,1,0,0,0,0,0,0,0,0,0,0,0,0,2.4,
0,0,0,0,1.3,0,2.5,1,0,0,0,0,0,0,0,0,0,0,10.7,0,0,0,0,0,0,2.5,0,0,0,0,0,0,0,0,0,0,0,0,3,0,0,0,0,0,0,0,0,0,0.2,0,0.0,0.0,0.0,0.0,0.0,0.0,0.0,0,0.2,0.0,0.0,0,0,0,2.8,0,0,0,0,0,0,0,0,0,0.2,
0,0,0,0,0,0,0,3,0,0,0,0,0,1.3,10.2,0.3,0,0,1.8,0,0,0,0,0,0,0,0,0,0,0,0,0,0,0,0,0,0,0,0,0,0,0,0,0,0,0,0,0,0,3.4,0.0,1.4,5.7,0.0,0.0,0.0,0.0,0,0.2,0.0,0.0,0,0,2.8,2.1,0,0,0,1.2,0,3.4,0,0,1.8,0,
0,0,0,0,0,0,7.9,0,0,0,0,1,0,1.3,0.3,1.3,0,0,0,0,0,0,0,0,0,0,0,0,0,0,0,0,0,5.1,0,0,0,0,0,0,0,0,0,0,0.1,0,0,0,0,0,0.0,1.2,0.0,0.0,0.0,0.0,0.0,0,0,0.0,0.0,0,0,1.9,3.5,0.1,0,0,1.4,0,0,0,0,6.1,0.1,
0,0,0,0,0,0.3,4.1,0,0,0,0,0,0,0,4.6,0.3,0,0,0,6.1,0,0,0,0,0,0,0,0,0,0,0,0,0,0,0,0,0,0,0,0,3,0,0,0,0,0,0,16.2,0,1.7,0.0,0.0,0.0,0.0,0.0,0.0,0.0,0,0,0.0,0.0,2,5.5,0.2,0.2,0.6,0,0,0,0,0,0,0.8,0.3,3.3,
0,0,0,0,0,0,3.8,0,0,0,0,4.1,0,0.8,0,1,0,2.5,0,0,0,0,0,0,0,0,0,0,0,0,0,0,0,23.4,0,0,0,0.8,11.9,0,0,0,0,0,0,0,0,16.6,0,4.2,12.3,0.0,0.0,0.0,0.0,0.0,0.0,0,0,0.0,0.0,0,0,0,0,0,0,0,0,0,0,0,0.5,0,0,
0,0,2,0,0,1.5,3.3,0,0,0,0,0,0.8,0,0,0,0,0.3,0,0,0.8,0.3,0,0,0.3,0,0,7.9,0,0,0,6.1,0,0,0,0,0,1.3,0,0,0,1.5,0,0,0.5,0,0,1.8,0,0,2.4,1.0,0.0,0.0,0.0,0.0,0.0,0,0.1,0.0,0.0,0,0,0.1,0,0,0,0,0,0,0,0,0.9,0,0.1,
0,0,0,0,0,5.8,7.1,0,0,0,0,0,0,0,0,0,0,0,0,0,11.7,0,0,0,0,0,0,0.3,0,0,0,0,0,0,0,0,0,2.3,0,0,0,0,0,0,0.3,0,1.3,0,0,3.7,0.0,0.0,0.0,0.0,0.0,0.0,0.0,0,0,0.0,0.0,0,0,0,0,0,0,0,0,0,0,0,1.7,0,0,
0,0,0,0,34.8,1.5,8.9,0,0,0,1.3,0,2.3,0,0,0,0,0,0,0,0,0,0,0,0,0,1.5,0,0,0,0,0,0,0,0,0,0,0.8,0,5.1,0,0,0,0,0.6,0,0,0,0,0,0.0,0.6,0.0,0.0,0.0,0.0,0.0,0,0,0.0,0.0,0,0,1,0,0.4,5.3,0,0,0,0,0,0.1,0.6,0,
0,0,0,0,0,0,0,0,0,0,0.8,0,0.8,0.8,0,0,0,0,0,22.9,0,0,0,0,0,0,0.5,0.3,0,0,0,3.8,0,0,0,0.8,0,0,0,2,5.6,0,0,0,1.3,0,0,0,1.5,0,0.0,0.0,0.0,0.0,0.0,0.0,0.0,0,0.1,0.0,0.0,0,0,1.1,0.2,0.8,0,0,0,0,2.8,0,0,2.9,0,
0,0,0,0,0,0,0,0,0.8,0,0,0,0,1,0,8.9,0,0,0,0,0,0,0,0,0,0,6.1,0,0,0,2.8,1.3,0,0,0,0,0,0,0,3,4.1,0.5,0,0,0,0,0,0,0,0,2.0,0.0,0.0,0.0,0.0,0.0,0.0,0,0.3,0.0,0.0,0,0,2.7,2,0.2,0,0,0,0,0,0,0,2.5,0.1,
0,0,0,1,0,2.5,0,0,2,0,0,4.8,0.3,0.5,0.3,4.8,0,0,0.3,0,0,0,0,0,0,0,0,0,0,0,0,0,0,0,2,0,0,0,0,0,0.3,0,1.5,3.9,0,0,0,0.7,0,0,18.1,0.0,0.0,0.0,0.0,0.0,0.0,0,0,0.0,0.0,0,8.2,3.1,0.8,0,0,0,0,0,0,0,0.2,0.4,0,
0,0,0,0,2,0,0,0,0,0,0,1.3,0,0,4.3,0,0,0,2.3,0,0,0,0,0,0,0,0,0,0,2,0,0,0,0,0,0,0,0,0,0,0,0,0,0,0,0,0,24.3,0,0,0.0,0.0,0.0,0.0,0.0,0.0,14.2,0,0,0.0,0.0,0,6,1.7,0.3,0,0,3.7,0,0,0,0,0.2,0.1,0.2,
0,0,0,0,0,0,0,0,0,0,0.3,0.8,0,0,1.8,0,0,0,0,0,0,7.6,0,0,0,0,0,0,0,0.3,0,0,0,0,0,0,1.3,0,0,1.5,0,0,0,0,0,0,0,12.2,0,0,0.0,0.0,0.0,0.0,0.0,0.6,20.0,0,0.4,0.0,0.0,0,0,0.3,0.9,0.7,0,0,0,0,0,0,0,0,2.8,
0,0,0,0,0,0,0,0,0,0,0,0,0,0,0,0,0,0,0,0,0,0,0,0,0,0,4.8,0.5,0,0,4.1,0,0,0,0,0,0,0,3.8,3.8,0,0,0,0,0,0,0.9,0,0,0,0.0,0.0,0.0,0.0,0.0,0.0,6.1,0,0,0.0,0.0,0,0,0.2,0.2,0.3,0,0,0,0,0,0,0.1,0,0.7,
0,0,0,0,2.5,0,0,0,0,0,0,0,0,0,0,0,9.7,0.8,0,0,0,0,0,0,0,0,0.5,0,0,0,2,0,0,0.5,0,0,2,0,0,0,0,0,0,0,0,0,3,0,1.4,0,0.0,0.0,0.0,0.0,0.0,0.0,2.5,0,0,0.0,0.0,0,0,0.2,0.8,1.6,0,1.2,0,0,0,0,0,0,0.9,
0,0,0,0,3,0,0,0,0,0,0,0,0,0,0,1.5,0,2.8,0,0,0,0,0,0,0,0,26.4,0,0,0,1,0,0,0,0,0,0,0,0,0,0,5.6,0,0,0.5,0,0,0,1,0,2.5,0.0,0.0,0.3,0.0,0.0,0.0,0,0.1,0.0,0.0,0,0,0.1,0,2,0,0,0,0,0,0,0,0,0.1,
0,0,0,0,2,0,0.8,0,0,0,1,0,0,0,0,0,0,0,0,0,0,0,0,1,0,0,0,0,0,0,0,0,2.5,0,0,0,0.5,0,0,0,0,0,0,0,0,0,0,0,0.5,0,0.0,0.0,0.0,8.6,0.0,4.6,0.0,0,0.2,0.0,0.0,0,0,0.3,0.1,2,0,0,0,0,0,0,0,0,0,
0.8,0,0,0,1,0,0,3,0,0,0,0,0,0,0,0,0,1.3,0,3.6,0,0,0,0,0.3,0,0.8,0,0,0,0,0,3.8,5.6,13.7,1,1,0,0,0,0,0,0,0,0,0,0,0,0,0,0.0,0.0,0.0,1.1,0.0,0.6,0.0,0,0.1,0.0,0.0,0,0,1.9,1.5,1.3,0,0,0,0,0,0,0.5,0,0,
0,0,0,0,0,0,0,1.5,0,0,0,0,0,0,0,0,0,0,0,0,0,6.1,0,0,3,0,0,0,7.6,0,0,0,2.8,15,0,3.6,1,0,0,0,0,0,1.8,0.6,0,0,0,0,0,0,0.0,0.0,8.6,0.0,0.0,0.0,0.0,0,0,1.9,0.0,0,0,6.6,1.3,0.4,3.9,0,0,0,0,0,0.2,0,0,
0,0,0,0,0,0,0,0,0,0,0,0,0,0,0,0,0,0,0,0.3,0,0,0,0,0,0,0,0,1.8,0,0,0,1,2.3,0,0,0,0,0,0,0,0,2,0,0,0,7.1,1.4,0,0,0.0,0.0,0.0,0.0,0.0,0.0,0.0,0,0.1,0.0,1.5,0,0,2.6,0.1,0.1,2.9,0,0,0,0,0,0,0,0,
0,0.3,11.9,0,0,0,0,0,0,1.3,0,0,0,0,0,0,7.9,0,0,0.3,1.5,0.8,0,0,0,0.5,0,0,1,0,0,0,0,0,0,0,0,0,0,0,0,0,0,0,0,0,0,0,0,0,0.0,0.0,0.0,0.0,0.0,0.0,0.0,0,2.9,1.2,1.2,0,0,1.3,0.1,0.4,0,0,0,2.3,10.6,0,0.1,0,0.3,
0,0,0.3,0,0,0,0,0,0,3,0,0,1.8,0,0,0,2.3,0,2.5,0,0.3,0,0,0,0,0,0,0,0,0,0,0,0,0,0,0,0,0,0,0,0,0,0,0,0,0.3,0,0,24.5,0,0.0,0.0,0.0,0.0,0.0,0.0,0.0,0,0.6,0.0,0.0,0,0,1.3,0,0.2,0,0,0,3.3,0,0,0,0,0.6,
0,0,0,0,0,0,0,0,0,0,0,0,0,0,0,0,0,0,2.5,3.6,1.3,0,0,0,0,0.8,0,0,0,0,0,0,0,0,0,3,0,0,0.8,0,0,0,0,0,0,0.3,0,0,5.5,0,2.6,0.0,0.0,0.0,0.0,0.0,0.0,1.5,1.4,0.0,0.0,0,5.8,0,0,0,0,0,0,1.2,0.2,0,0,0,0.4,
0,0,0,0,0,0,0,0,5.1,0,0,0,0,0,0,0,1,0,0,0.3,0.3,0,0,0,0,0,0,0,0,0,0,0,10.4,0,12.2,0,0,28.4,2,1,2,0,0,0,0,0,0,0,0,0,0.0,0.0,0.0,2.1,0.0,1.5,0.0,0.2,0,0.0,10.6,0,4,0,0,0.1,0,16.3,0,0,0.9,0,0,0,0.1,
0,0,0,0,0,0,0,0,1.5,0,0,0,0,0,0,0,0.3,0,0,0,1.5,0,0,0,0,0,0,0,0,0,0.5,0,0.3,0,0,0,0,0,8.4,5.1,0,0.8,0,0,0,0,0,0,0,0,0.0,0.0,4.6,0.0,0.0,5.1,0.0,1.5,0.1,0.0,32.6,0,0,0.2,0,0.5,0,0,0,0,4.6,0,0,0,0.1,
4.8,0,0,0,0,0,0,0,11.9,0,0,0,0,0,9.1,0,0,0,0,0,0.5,0,0,0,0,0,0,0,0,0,0,0,1.8,0,0,0,0,0,0,0.5,0,7.1,0,0,0,0,0,0,0,0,0.0,0.0,0.3,0.4,0.0,0.0,0.0,0.7,0.3,10.0,0.0,0,0,3.4,0,2.6,0,0,0,0,1.2,0,0,0,0,
0.3,0,1.8,0,3.6,0,0,0,0,0,0,0,0,0.3,0,20.6,0,0,0,0,2.3,8.6,0,0,0,0,0,1.5,0,0,0,0,0,0,0.5,0,0,0,0,1.8,0,0,29.5,0,0,0,0,0,0,0,0.0,0.0,0.4,0.0,0.0,0.0,0.0,0.2,0.1,0.0,0.0,0,0,1.7,0,1.4,0,0,0,0,0.7,0,0,0.1,0.1,
0,1.3,0,0,2,0,0,0,0,0,0,0,0,0,0,0,0,0,0,11.2,0,0.5,0,0,16.5,0,0,4.8,0,0,0,0,0,0,14.2,0,0,0,3,0,0,0,0.5,0,0,0,1,0,0,0,0.0,0.0,0.0,0.0,0.0,0.0,0.0,4.4,0,8.5,0.0,0,0,5.3,9.1,1.2,0,0,0,0,0.3,0,0.2,0.4,0,
1,0,0,0,0,0,0,0,0,0,0,0,0,0,0,0,0,0,2.3,17,0,1.5,0,0,12.7,0,0,0,6.9,0,0,0,0,17,0,0,0,0,0.5,0,0,0,0,0,0,0,0,0,0,0,0.0,2.6,0.0,0.0,0.6,0.0,0.0,2.4,0,21.6,0.0,0,0,2.5,0.7,0.9,0,0,0,0,0.4,0,0.1,0.2,0,
6.6,0,0,0,0,0,0.8,0,0,0,0,0,0,0,0,0,0,0,0,0,0,0,0,0,2.3,0,0,0,0,0,0,0,0,11.9,0,0,0,0,0,13.2,0,0,0,0,0,0,0,0.3,0,0,0.0,0.0,0.0,0.0,0.0,0.0,0.0,1.5,0,0.0,0.0,0,0,0.9,2,0.9,2.3,0,0,0,0.6,0,0,0.1,0,
0.3,0,0,0,0,0,0,0,0,0,0,0,0,0.3,0,0,0,0,0,0,0,0,0,0,1.5,0,0,3.3,0,1.8,0,0,0,5.1,6.6,0,0,0,0,3.3,0.8,0.5,0,0,0,0,0,0,0,0,0.0,1.4,0.0,0.0,0.0,0.0,0.0,2,0.1,0.0,0.0,0,0,0.8,0.5,0.4,0,0,0,0,1.8,4.3,0,0.9,2.1,
3.6,0,0,4.6,0,2.5,0,0,0,0,0,0,0,0,0,0,0,0,0,0,0,0,19.8,0,0.5,0,0,3,0,0.5,0,0,0,0,0,0,0,0,0,0.5,0,0,0,0,0,0,0,0,0,0,0.0,0.0,0.0,0.0,0.0,0.0,0.0,1.5,0.2,0.0,0.0,0,0,0,0,1.1,0,0,0,7.4,0.1,5.6,0,0.5,2.5,
0.3,0,0,0,0,1.3,0,0,0,0,0,0,0,0,0,1.5,3.6,0,0,0,0,0,4.6,0,1,0,0,1,0,0,0,0,0,0,0,0,0,1.3,0,0,0,0,1,0,0,0,0,0,0,0,0.0,0.0,0.0,0.0,0.0,0.0,0.0,0.5,0.6,0.0,0.0,0,0,0,0.2,0.7,0,0,4.4,0,0,0,0,2.1,0.1,
4.1,0,0,0,0.8,3.8,4.1,0,0,0,0,3,5.8,0,0,0,0,0,0,0,0,0,0,0,0,0,0,0,0,0,0,0,0,0,0,0.8,3.8,0,0,0,0,0,0,0,0,0,0,0,0,0,0.0,0.0,0.0,0.0,0.1,0.0,0.0,0,1.6,0.0,0.0,0,0,0.1,0.2,1.7,0,0,0.8,0,0,0,0.1,1.3,0,
1,0,0,0,0,0,1,0,0,2.5,0,0,0,4.1,0,0,0,0,0,0,0,0,0,0,0,0,0,0,0,0,0,0,0,0,0,0,1,0,0,0,0,0,3.8,0,0,0,0,0,0,0,0.0,0.0,0.7,0.0,0.0,0.0,0.0,0.8,0,5.9,0.0,0,0,1.1,0,0.7,0,0,0,3.6,3.1,0,0,0.4,0,
0,0,0,0,0,0,0.5,0,0,0,0,0,0,0.5,0,0,0,0,0,0,0,0,0,0,0,0,0,1.8,0,0,0,0,0,0,1,0,0,0,1.8,0,0,0,3.6,0,0,0,0,0,4.7,0,1.2,1.2,0.0,0.0,0.0,0.6,0.0,3,0.2,0.0,0.0,0,0,1.7,0,0.1,0,0,0,5.5,1.1,0,0,0,0.1,
0,0,0,0,0,0,0,0,0,0,0,0,0,0,0,0,0,0,0,0,0,0,0,0,0,0,0,0,0,0,0.3,0,0,0,0,0,0,0,0,0,0,0,0.8,0,0,0,0,0,0,0,0.0,0.0,0.0,0.0,0.0,1.2,0.0,4.8,0,0.0,0.0,0,0,1.6,3,0,0,5.8,0,0,0,0,0,0,1.1,
0,0,0,0,0,0,0,0,0,0,0,0,0,0,0,0,0,0,0,0,0,0.3,0,0,1.8,0,0,0,0,0,0,0,0,0,3,0,2.8,0,0,0,0,0,1.5,0,0,3.5,0,0,0,0,0.0,0.0,0.0,0.0,0.0,0.0,0.0,0.3,0,0.0,0.0,0,0,0.5,2.3,0,0,0,0,0,0,0,0,0,0.2,
0,0,0,0,0,0,0,0,0,4.3,0,0,0,0,0,0,0,0,0,0,0,1.8,0,0,0.3,0,0,0,0,0,0,0,0.5,0,0.5,0,0,0,0,0,0,0,0,4.4,0,5.8,0,0,0,0,0.0,2.0,0.0,0.0,0.0,0.0,0.0,1.8,0,0.0,0.0,0,0,0,0,0.2,0,0,0,4.8,0.1,0,0.3,0,0.1,
0,0,0,0,0,0,0,0,0,0,0,5.6,0,0,0,0.8,0,0,0,0,0,0,0,0,22.6,0,0,0,0,0,0,4.1,0,0,0,0,0,0,0,0,2.5,0.5,0,4,0,0,0,0,0,0,0.0,0.7,0.0,0.0,0.0,0.0,9.2,0.4,0.1,2.7,0.0,0,0,0,0,1.1,0,0,0,3.7,0.3,0,0,1,0,
0,0,0,0,0,0,0,0,0,0,0,1.3,0,4.1,0,0,0,0,0,0,0,0,0,0,0,0,0,0,0,0,0,10.2,0,0,0,0,0,0,0,0,0,0,0,0.5,0,0.8,0,0,0,0,0.0,0.0,0.0,0.0,0.0,0.0,2.0,1.3,0.2,0.0,0.0,0,0,0.1,0.6,0,0,0,5.9,0,0.6,0,0,1,0,
0,0,0,0,0,0,0,0,0,0,0,0,0,3,0,0,0,0,0,0,0.5,0,0,0,0,0,0,0,0,0.5,0,0,0,0,0,0,0,0,0,0,0,0,0,0,4.4,0,0.4,0,0,0,0.0,0.0,0.0,0.0,0.0,0.0,0.0,0.3,0,3.9,0.0,0,0,0,2.2,0,0,0,0,0,0.8,0,0,0,0.1,
0,0,0,0,0,0,0.5,0,0,0,0,0,0,1.8,0,0,0,0,0,0,0,0,0,0,2.8,0,0,0,0,22.4,0,0,0,0,0,0,0,0,0,0,0,0,0,0,0.5,0,0,0,0,0,0.0,0.0,0.0,0.0,0.0,0.0,0.0,0,0,2.0,0.0,0,0,0.3,0.1,0,0,0,0,0,1.6,0,0,0,0.5,
0,0,8.6,0,0.3,0.5,0,0,0,0,0.5,0,0.3,0.5,0,0,16.5,0,0,0,1.5,0,0,0,0,0,0,6.1,0,0,0,0,0,0,0,0,0,1.5,0,0,0,0,0,0,0.2,0,0,0,0,0,1.3,0.0,0.0,3.2,0.0,0.0,3.5,0,0,0.0,0.0,0,0,2,0,0,0,0,0,0,0.5,0,0,0.8,1.2,
0,0,4.3,0,0,0,0,0,0,0.8,0,0,0,0,0,0,0,0,0,0,1.8,0,0,0,0,0,0,0.5,0,0,0,0,0,2,2.3,0,0,0,0,0,0.3,0,0,0,0,1.2,0,0,0,0,0.0,0.0,0.0,0.0,0.0,0.0,3.2,0,0,0.0,0.0,0,0,0.1,0.1,0.1,0,0,0,0,1.3,0,0,0,0,
0,0,1.3,0,0,2.5,0,0,0,0,0,0,0,0,0,0,0,0,0,0,0.3,0,0,0,0,0,0,0,0,0,0,0,0,0,7.6,0,0,0,0,0,0,0,0,0,0,0,0,0,0,0,0.0,0.0,0.0,0.0,0.0,3.4,11.3,0,1.4,0.0,0.0,0,0,0.4,0,0.1,0,0,0,0,0.8,0,0.3,0,0,
0,0,0.5,0,0,0,0,0,0,0,0,0,0,0,0,2.3,0,0,0,0,0,3.8,0,0,0,0,2.5,0.3,0,0,0,0,0,0,0.5,0,0,0,0,0,5.3,30.5,0,0,0,0,0,0,0,0,0.0,0.0,0.0,0.0,0.0,2.3,0.0,0,0.9,0.0,0.0,0,0,0,0,0,0,0,0,0,1.2,0,0.2,0,0,
1.3,0,1.3,0,0,0,0,0.3,0,0,0,0,0,0,0,0,0,0,0,0,1.3,2.3,0,0,0,0,1.3,0,0,0,0,0,0,0,0,0,0,0,0,0,1.3,1,0,0,0,0,0,0,0,0,0.0,0.0,0.0,0.0,0.0,0.0,0.0,0,0.1,0.0,0.0,0,0,0,0,0,0,0,0,0,0.5,0,1.3,0.3,0,
0,0,0,0,0,0,0,0.3,0,0,0,0,0,0,0,0,0,0,0,0,4.3,0,0,10.2,0,0,1.3,0,0,0,0,1,0,0,0,0,0,0,0,0,0,4.3,0,0,0,0,6.8,0,0.8,0,0.0,0.0,0.1,0.0,0.0,0.0,0.0,0.1,0.1,0.0,0.0,0,0,0,0,0,0,0,1.3,0,0,0,0,0,0,
0,0,0,0,0,0,0,0,0,0,1,0,0,0,0,0,0,0,0,0,0,0,0,0,0,0,0.3,0,0,0,0,0,0,0,0,0,0,0,0,0,0,0,0,0.5,0,0,0,0,3.8,0,0.0,0.5,0.0,0.0,6.0,0.0,0.0,0,0.2,0.0,0.0,0,0,0,0,0.3,0,0,0,0,0.1,0,0,0,2.8,
0,0,0,0,0,0,0,2,0,0,5.1,0,0,0,0,0,0,0,0.8,0,0,0,0,0,0,0,0,0,0,0,0,0,0,0.5,0,3.6,3,0,0,0,0,0,0,1.8,0,0,0,0,1.8,0,0.0,0.0,0.0,0.0,4.2,0.0,0.0,0,0.3,0.0,0.0,0,0,0,0.3,0.5,0,0,0,0,0,0,0,0,4,
0,0,0,0,0,0,0,0.3,3.8,0,0,0,0.5,0,0,0,0,0,0,0,0,0,2.8,0,0,0,1.5,0,0,0,0,0,0,7.1,0,0.3,0.5,0,0,0,0,0,0,2,0,0,0,0,0,0,0.0,0.0,0.0,0.0,0.0,0.0,0.0,0.4,0.3,0.0,0.0,0,0,0.4,0,0.6,0,0,0,0,2.4,0,1,1.8,1.2,
0,0,1.5,0,0,0,0,3,2,0,0,0,0,0,0,0,0,0,0,0,0,0,7.1,0,0,0,0,0,0,1.8,0,0,0,0,0,0,0,0,0,4.8,0,0,0,0,0,0,0,0,0,0,0.0,0.0,3.2,0.0,0.0,0.0,0.0,1,5.7,0.0,0.0,0,0,0.8,0,0.1,0,0,0,0,6.4,0,0,1.4,0,
0,0,0,0,0,0,0,0,3.3,0,3.3,0,0,0,0,0,0,0,0,0,0,0,0,0,0,0,0,0,0,0,0,0,0,0,0,0,0,0.5,0,0,0,0,0,0,3.2,0,0,0,0,0,0.0,0.0,0.8,0.0,0.0,0.0,0.0,0,2.5,0.0,0.0,1,0,0,0,0,0,0,0,0,0.2,0.2,0,2.2,0,
0,0,0,0,0,0,0,0,0,0,0,0,0,0,0,0,0,0,0,0,0,0,0,0,0,0,0,0,0,0,0,0,0,0,2.5,0,0,0,0,0,0,0,0,0,0,0,0,0,0,0,0.0,0.0,0.0,0.0,0.0,0.0,0.0,0,5.1,0.1,0.0,0,0,0,0.3,0,0,0,0,0,0.3,0.3,0,1,0,
0,0,0,0,0,0,0,0,9.7,0,9.7,0,0,0,0,0,0,0,0,0,0,0,0,0,0,0,0,2.5,0,0,0.3,0,0,0,0,0,0,0,0,0,0,0,0,0,0,0,0,0,0,0,0.0,0.0,0.0,0.0,0.0,0.0,0.0,0,2.6,0.1,0.0,0,5.8,0,0.2,0,0,0,0,0,0.3,0.3,0,0.3,0.3,
0.5,0,0,0,0,0,0,0,5.1,0,5.1,0,0,0,0,0,0,0,0,0,0,0,0,0,0,0,0,0,0,0,0,0,0,0,0,2.5,0,0,0,0,3.3,0,0,0,0,0,0,0,0,0.6,0.0,0.0,0.0,0.0,0.0,0.0,0.0,0,0.5,0.2,0.0,0,4.6,0,0.1,0,0,0,0,0,0.2,0.2,0,0.2,0.2,
2.5,0,0,0,0,0,0,0,0,0,0,0,0,0,0,0,0,0,0,0,0,0,0,0,0,0,0,5.8,0,0,0,0,0,0,0,1.3,0,0,0,0,1.5,0,0,0,0,0,0,0,0,0,0.0,0.0,0.0,0.0,0.0,0.0,0.0,0,0.0,0.4,0.0,0,0,0,0,0,0,2.7,0,0,0.4,0.4,0,0,0,
0,0,0,0,0,0,0,0,0,0,0,5.8,0,0,0,0,0,0,0,0,0,0,3.6,0,0.8,0,0,0,0,0,0,0,0,0,0,0,0,0,0,0,0.3,0,0,0,0,0,0,0,0,0,0.0,0.0,0.0,0.0,0.0,0.0,0.0,0,0.0,0.8,0.0,0,0,0,0,0,0,0,0,0,0,0,0,0.1,0,
2.5,0,0,0,0,0,0,0,0,0,0,0.8,0,0,0,4.6,0,0,0,0,0,0,0,0,7.4,0,0,0,0,0,0,0,2.3,0,0,0,0,0,0,0,0,0,0,0,0,0,0,2.7,0,0,0.0,0.0,0.0,0.0,0.0,0.0,0.0,0,0.4,0.2,0.0,6.4,0,0,0,0,0,0,0,0,0,0,0,0.1,0,
0,0,0,0,0,0,0,0,0,0,0,0.5,0,0,0,0,0,0,2.5,0,0,3.3,0,0,0,0.3,0,0,0,0,0,0,1.5,0,0,0,0,0,0,0,0,0,0,0,0,0,0,0,0,0,0.0,0.0,0.0,0.0,0.0,0.0,0.0,1,0.0,0.2,0.0,8,0,0,0,0,0,0,0,0,0.2,0.2,0,0,0.1,
0,0,0,0,0,0,0,0,0,0,0,0,0.3,0,0,0,0,0,6.4,26.7,0,2.3,0,0,0,0,0,0,0,0,0,0,4.1,0,0,0,0,0,0,0,0,0,0,0,0,0,0,0,1.2,0,0.0,0.0,6.1,0.0,0.0,0.0,0.0,0.8,0.2,0.1,0.0,0,0,0,0,0,0,0,0,0,0.2,0.2,0,0,0,
0,0,0,0,0,0,0,0,0,0,0,0,0,0,0,0,0,0,0,7.6,0,0,0,0,0,0,0,0.8,0,1.5,0,0,0,0,0,0,0,0,0,0,0,0,0,0,0,0,0,0,3.8,0,0.0,0.0,8.0,0.0,0.0,0.0,0.0,1.2,0.0,0.0,0.0,0,0,0,0,0,0,0,2.9,0,0.7,0.7,0,0,0.1,
4.3,0,0,0,0,0.3,0.8,0,0,0,0,0,0,0,0,0,0,0,0.3,6.1,0,4.3,0,0,0,0,0,0,0,0.8,0,0,0,0,0,5.1,0,0,0,0,0,0,0,7.3,0,0,0,0,0,0,1.4,0.0,0.0,0.0,0.0,0.0,0.0,0,0.1,0.2,0.0,0,0,0,2.8,0,0,0,0,0,1.8,1.8,0,0,0.1,
0,0,0,0,0,0,13.5,0,2,0.8,2,0,0,0,0.5,0,0,0,0,0,0,0,0,0,0,0,0,0,0,0,0,0,0,0,10.4,0,0,0,0,0,0,0,0,0.3,0,0,0,0,0,0,0.0,2.5,1.9,2.1,0.0,2.3,0.0,0,0.0,0.9,0.0,0,0,0,1.7,0,0,0,0,0,2.1,2.1,0,0,0.1,
0,0,0,0,0,0,2.3,0,0,0,0,0,0,0,4.6,0,0,0,8.1,0,0,0,0,0,0,0,0,0,0,0,0,0,0,0,6.6,0,0,4.8,0,0,0,0,0,0,0,0,0,0,0,0,2.4,0.0,0.0,0.2,0.0,0.0,0.0,0,0.0,3.7,0.0,0,0,0,0,0,0,0,0,0,1.6,1.6,0,0,0.1,
0,0,0,0,0,0,0.8,0,0,0,0,0,0,0,0.8,0,0,0,0,0,0,0,0,0,0,0,0,0,0,0,0,0,0,0,0,0,0,0,0,2.3,0,0,0.8,0,0.1,0,0,0,2.7,0,0.8,0.0,0.0,3.9,0.0,0.0,0.0,0,0.0,0.0,7.0,0,0,0,0,0,0,0,0,0,0.2,0.2,0,0,0.3,
0,0,0,0,0,0,0,0,0,0,0,0,0,0.8,0.5,0,1,0.8,0,0,0,0,0,0,0,0,0,0,0,0,0,0,0,0,0,0,0,0,0,9.1,0,0,0,0,0,0,0,0,0,0,0.6,0.0,0.0,0.8,0.0,0.0,0.0,0,0.0,0.1,0.0,0,0,0,0,0,0,0,0,0,0,0,0,0,0.5,
0,0,0,0,0,0.3,4.3,0,0,0,0,0,0,0,0,0,0,0,0,0,0,0,0,0,0,0,0,0,0,0,0,0,0,0,0,0,0,0,0,0,0,0,0,0,0,0,0,0,0,0,0.0,0.0,0.0,0.0,0.0,2.5,0.0,0,0.8,0.5,0.0,0,0,0,0,0,0,0,0,0.6,0,0,0,0,0.8,
0,0,0,3.3,0,4.3,0.5,0,0,0,0,0,0,0,0,0,0,0,0,0,0,0,2.8,0,0,0,0,0,0.5,0,0,0,0,0,0,0,0,0,0,0,0,0,0,0,1.1,0,0,0,0,0,0.0,0.0,0.0,0.0,0.0,0.0,0.0,0,1.2,0.7,0.0,0,0,0,0,0,0,0,0,0,0.1,0.1,0,0,1,
0,0,0,0,0,0,0.5,0,0.5,0,0.5,0,0,0,0,0,0,0,0,1.8,0,0,1,0,0,0,0,0,18.8,0,0,0,0,0,0,0,0,0,0,0,0.8,1.5,0,0,0,0,0,0,0,0,0.0,0.0,0.0,0.0,0.0,0.0,0.0,0,0.0,2.6,0.0,0,0,0,0,0,0,0,16.2,0,0,0,16.9,0,0.1,
0,0,0,0,0,0,0.3,0,0,0,0,0,0,0,0,0,0,0,0,7.6,0,6.4,0.5,0,0,0,0,1.5,0,0,0,0,0,0,0,0,0,0,0,0,0,3.8,0,0.6,0,0,0,0,0,0,0.0,0.0,0.0,0.0,0.0,0.0,0.0,0,0.0,1.4,0.0,0,0,0,0.4,0,0,0,0,0,0,0,0,0.1,0.5,
0,0.5,0,0,0,0,1,0,0,0,0,0,0,0,0,0,0,0,0,0,0,0,0,0,0,0,1,0.3,0,0,0,0,0,0,0,0,0,0,0,0,0,0,0,0,0,0,0,1.4,0,0,0.0,0.0,0.0,0.0,0.0,0.0,0.0,0,0.0,0.8,0.0,0,0,0,0,0,0,0,0,0,0,0,0,2.3,0.1,
0,3.6,0,0,0,0,0.5,0,0,0,0,0,0,0,0,0,0,0,0,0,0,0,0,0,0,0,0,0,0,0,0,0,0,0,0,0,0,0,0,0,0,0,0,0,0,0,0,0,0,0,0.0,0.0,0.0,0.0,0.0,0.0,0.0,0,0.0,0.9,0.0,0,0,0,0,0.1,0,0,0,0,2.4,2.4,0,0,0.1,
0,1,0,0,0,0,0,0,0,0,0,0,0,0,0,0,0,0,0,0,0,2.3,0,0,0,0,0,0,0,1,0,0,0,3.8,0,0,0,0,0,0,0,0,8.4,0,0,0,0,0,0,0,0.0,0.0,0.0,5.3,0.0,0.0,3.6,0,0.0,0.4,0.0,0,0,0,0,0,0,0,0,0,0,0,0,0,0,
0,0.5,0,0,0,0,0,0,0,0,0,0,0,0,0,0,0,0,3.3,0,0,0,0,0,0,0,0,0,0,0,0,0,0,0,0,0,0,0,0,0,0,0,0,0,0,0,0,0,0,0,0.0,0.0,0.0,10.8,0.0,0.0,0.0,0,0.0,0.0,0.0,0,0,0,0,0,0,0,0,0,0,0,0,0,0,
0,0,0,0,0,0,0,0,0,0,0,0,0,0,0,0,0,0,0,0,0,0,0,0,0,0,0,0,0,0,0,0,0,0,0,0,0,0,0,0,0,0,0,1.7,0,0.5,0,0,0,0,0.0,0.0,0.0,0.0,0.0,0.0,0.0,0.3,0.1,0.2,0.0,0,0,0,0,0,0,0,0,0,0,0,0,0.1,0.6,
0,0,0,0,0.3,0,0,0,0,0,0,0,0,0,0,0,0,0,0,0,0,0,0,0,0.5,0,0,0,0,0,0,0,0,0,0,0,0,0.5,0,0,0,0,0,0,0,1.2,0,0,0,0,0.0,0.0,0.0,0.0,0.0,0.0,0.0,0.5,6.0,1.4,0.0,0,0,0,0,0,0,0,0,0,1.2,1.2,0,0.1,0,
0,0,0,0,0.3,0,0,0,0,0,0,10.4,0,0,0,0,0,0,0,0,0,0,0,0,0,0,0,0,0,0,0,0,0,0,0,0,0,0,0,0,0,0,0,0,0,4.3,0,0,0,0,0.0,0.0,0.0,0.0,0.0,0.0,0.0,0,0.4,0.3,0.0,0,0,0,0,0,0,0,0,0,0.6,0.6,0,0.7,0,
0,0,0,0,0.8,0,0,0,0,0,0,14.2,0,0,0,0,0,0,0,0,0,0,0,0,0,0,0,0,0,0,0,0,0,0,0,0,0,0,0,0,0,0,0,0,0,4.4,0,0,0,0,0.0,0.0,0.0,0.0,0.0,0.0,0.0,0,1.3,0.3,0.0,0,0,0,0.1,0,0,0,0,0,0,0,0,0.1,0,
0,0,0,0,0,0,0,0,0,1,0,0,0,0,0,0,0,0,0,0,0,0,12.2,0,0,0,0,0.3,0,0,0,0,0,0,0,0,0,0,0,0,0,0,0,0,0,0,0,0,0,0,0.0,0.0,0.0,0.0,0.0,0.0,0.0,0,0.8,0.0,0.0,0,0,0,0.9,0,0,0,0,0,0,0,0,0.1,0,
0,0,0,0,0,0,0,0,5.1,0,5.1,0,0,0,0,0,0,0,0,0,0,0,0,0,0,0,0,0,0,0,0,0,0,0,0,0,0,0,0,0,0,0,0,0,0,0,0,0,0,0,0.0,0.0,0.0,0.0,0.0,0.0,0.0,0,0.3,0.0,0.0,0,0,0,0.2,0,0,0,0,0,0,0,0,0,0,
0,0,0,0,0,0,11.4,0,0,0,0,0,0,12.4,0,0,0,0,0,0,0,0,0,0,0,0,0,0,0,0,0,0,0,0,0,0,0,0,0,0,0,0,0,0,0,0,0,0,0,0,0.0,0.0,0.0,0.0,0.0,0.0,0.0,0,0.0,0.0,0.0,0,0,0,0,0,1.6,0,0,0,0.1,0.1,0,0,5.2,
0,0,0,0,0,0,0.8,0,0,0,0,0,0,0.3,0,0,0,0,0,0,0,0,0,0,0,2,0,0,0,0,0,0,0,0,0,0,0,0,0,0,0,0,0,0,0,0,0,0,0,0,0.3,0.0,0.0,0.0,0.0,0.0,0.0,0,0.1,0.0,0.0,0,0,0,0,0,0,0,0,0,0,0,0,0,0.1,
0,0,0,0,0,0,0,0,0,0,0,0,0,0,0,0,19.8,0,0,0,0,0,0,0,0,0,0,0,0,0,0,0,0,0,0,0,0,0,0,0,0,0,0,0,0,0,0,0,0,0,0.0,0.0,0.0,0.0,0.0,0.0,0.0,0,0.0,0.0,0.0,0,0,0,0,0,0,0,0,0,0,0,0,0,0.3,
0,0,0,0,0,0,0,0,2.8,0,0,5.6,0,1,0,3.3,0,0,0,0,0,0,0,0,0,0,0,0,0,0,0,0,0,0,0,0,0,0,0,0,0,6.1,0,0,0,0,0,0,0,0,0.0,0.2,0.0,0.0,0.0,0.0,0.0,0,0.0,0.0,0.0,0,0,0,0,0,0,0,0,0,0,0,0,1.4,0.6,
0,0,0,0,0,0,0,0,1.3,0,0,0,0,0,0,0,0,0,0,0,0,1.8,0,0,0,0,0,0,0,0,0,0,0,0,0,0,0,0,0,1.3,0,0,0,0,0,0,0.6,0,0,0,0.0,0.0,0.0,0.0,0.0,0.0,0.0,0,0.0,0.0,0.0,0,0,0,0.3,0,0,0,0,0,0,0,0,1.1,0.8,
0,11.7,0,0,0,0,0,7.1,0,0,0,0,0,0,0,0,0,0,0,0,0,0.8,0,0.8,0,0,0,0,0,0,0,0,0.3,0,11.9,0,0,0,0,12.2,0,0.3,0,0,0,0,0,0,0,0,0.0,0.0,0.0,0.0,0.0,0.0,0.0,0,0.0,0.0,0.0,0,0,1.8,2.9,0,0,0,0,0,0.3,0.3,0,0,1.1,
0,0,0,0,0,0,0,3.8,0.5,0,0,0,0,0,0,0,0,0,0,0,0,0,0,0,0,0,0,0,0,0.8,0,0,0,0,1.8,0,0,0,0,0.8,0,0,5.6,0,0,0,0,0,0,0,0.0,0.0,0.0,0.0,0.0,0.0,0.0,0.1,0.0,0.0,0.0,0,0,0.2,1.5,0,0,0,0,0,0,0,0,0.1,1.6,
0,0,0,0,0,0,0,0,0,0,0,0,0,0,0,0,0,0,0,0,0,0,0,0,0,2.3,11.4,2,0,0,0,0,0,0,2.8,0,1.5,0,0,0,0,0,0,0,0,0,0,0,0,0,0.0,0.0,0.0,0.0,0.0,0.0,0.0,0,0.0,0.0,0.0,0,0,2.6,0,0,0,0,0,0,0,0,0,0.1,0.4,
0,0,0,0,0,0,0,0,0,0,0,0,0,0,0,0,0,0,0,0,0,0,0,0,1.5,0,0,7.1,0,0,0,0,0,0,0,0,0,0,0,0,0,0,0,0,0,0,0,0,0,0.1,0.0,0.0,0.0,0.0,0.0,0.0,0.0,0,0.0,0.0,0.0,0,0,1.5,0,0,0,0,0,0,0,0,0,0,0.7,
0,0,0,0,0,0,0,0,0,0,0,0,0,0,0,0,0,0,0,0,3.8,0,0,0,0,0,0,0,0,0,0,0,0,0,0,0,0,0,0,5.3,0,0,0,0,0,0,0,0,0,0.9,0.0,0.0,0.0,1.1,0.0,0.0,0.0,0,0.0,0.0,0.0,0,1.2,0,0.1,0,0,0,0,0,0,0,0,0,0.5,
0,0,0,0,0,0.8,0,0,0,12.2,0,0,0,0,0,0,0,0,0,0,0,0,0,0,0,0,0,0,0,0,0,0,0,0,0,0,0,0,0,0,1.3,0,0,0,0,0,0,0,0,0,0.0,0.0,0.0,0.0,4.1,0.0,0.0,0,0.0,0.0,0.0,0,0,0,0.3,0,1.2,0,0,0,0.1,0.1,0,0,0,
0,0,0,0,0,0,0,0,0,4.8,0,0,0,0,0,0,0,0,0,0,0,0,0,0,0,0,0,0,0,0,0,0,0,0,0,0,0,0,0,0,0,0,0,0,0,0,0,0,0,0,0.0,0.0,0.0,0.0,0.0,0.0,0.0,0,0.0,0.0,0.0,0,0,0,0,0,0,0,0,0,0,0,0,0,0,
0,0,0,0,0,0,0,0.3,0,0,0,0,0,0,0,0,0,0,0,0,3.6,0,0,0,0,0,0,0,0,0,0,0,0,0,0,0,0,1.3,0,0,0,0,0,0,0,0,0,0,0,0,0.0,0.0,0.0,0.0,0.0,0.0,0.0,0.3,0.0,0.0,0.0,0,0,0,0,0,0,0,0,0,0.5,0.5,0,0,0,
0,0,0,0,0,0,0,0,0,0,0,0,0,0,0,0,0.5,0,0,0,8.4,0,0,0,0,0,0,0,0,0,0,0,0,0,0,0,0,0,0,0,0,0,0,0,0,0,0,0,0,0,0.0,0.0,0.0,0.0,0.0,0.0,0.0,0.9,0.0,0.0,0.0,0,0,0,0,0,0,0,12.4,0,1,1,0,0,0,
0,0,0,0,0,0,0,0,0,0,0,0,0,0,0,0,0,0,0,0,0,0,0,0,0,0,0,0,0,0,0,0,0,0,0,0,0,0,0,0,0,0,0,0,0,0,0,0,0,0,0.0,0.0,0.0,0.0,0.0,0.0,0.0,1.5,0.0,0.0,0.0,0,0,0.8,0,0,0,0,0,0,0,0,0,0,0,
0,0,0,0,0,0,0,0,0,0,0,0,0,0,0,0,0,0,0,0,0,0,0,0,0,0,0,0,0,2.3,0,0,0,0,0,0,0,0,0,0,0,0,0,0,0,0,0,0,0,0,0.7,0.0,0.0,0.0,0.0,0.0,0.0,1.3,0.0,0.0,0.0,0,0,3,0.1,0,0,0,0,0,0,0,0,0,0,
0,0,0,0,0,0,0,0,0,0,0,0,0,0,0,4.8,0,0,0,0,0,0,0,0,0,0,0,0,0,0,0,0,0,0,0,0,0,0,0,0,0,0,0,0,0,0,0,0,0,0,0.0,0.0,0.0,0.0,0.0,0.0,0.0,2.1,1.6,0.0,0.0,0,0,3.1,0,1.2,0,0,0,0,0,0,0,0,0,
0,0,0,0,0,0,0,0,0,0,0,0,0.3,8.6,0,0,0,0,25.9,0,0,0,0,0,0,0,0,0,0,0,0,0,0,0,0,0,0,0,0,0,0,0,0,0,0,0,0,0,0,0,0.0,0.0,0.0,0.0,0.0,0.0,0.0,6.8,0.0,0.0,0.0,1.6,0,1.4,0.1,0,0,0,0,0,0,0,0,0,0,
0,0,0,0,0,0,0,0,0,0,0,0,0.3,0,0,0,0,0,0,0.5,0,0,0,0,0,0,0,0,0,0,0,0,0,0,0,0,0,0,0,0,0,0,0,0,0,0,0,0,0,0,0.0,0.0,0.0,0.0,0.0,0.0,0.0,5.6,0.0,0.0,0.0,1,0,0,0,0,0,0,0,0,0,0,0,0,0,
0,0,0,0.3,0,0,0,0,0,0,0,0,0,1.3,0,0,0,0,0,0,0,0,0,0,0,0,0,0,0,0,0,0,0,0,0,0,0,0,0,0,0,0,0,0,0,0,0,21.8,0,0,0.0,0.0,0.0,0.0,0.0,0.0,0.0,2.6,0.0,0.0,0.0,0,0,0,0,0,0,0,0,0,0.2,0.2,0,0,0,
0,0,0,2,0,0,0,0,0,0,0,0,0,0,0,0,0,0,0,0,0,0,0,0,0,0,0.8,0,0,0,0,0,0,0,0,0,0,0,0,0,0,0,0,0,0,0,0,0,0,0,0.8,0.0,0.0,0.0,0.0,1.2,0.0,7.5,1.8,1.6,0.0,0,0,0,0,0,0,0,0,0,0,0,0,0,0,
0,0,0,0.5,0,0,0,0,0,0,0,0,0,0,0,0,0,0,0,0,0,0,0,0,0,0,0,0,0,0,0,0,0,0,0,0,0,0.8,0,0,0,0,0,0,0,0,0,0,0,0,2.3,0.0,0.0,0.0,0.0,0.0,0.0,7.6,0.0,0.0,0.0,0,0,0.3,0.7,0,0,0,0,0,0,0,0,0,0.3,
0,0,0,8.9,0,0,0,0,0,0,0,0,0,0,0,0,0,0,0,0,0,0,0,0,0,0,0,0,0,0,0,0,0,0,0,0,0,0,0,0,0,0,0,0,0,5.1,0,0,0,0,0.0,0.0,0.0,0.0,0.0,0.0,0.0,7.3,0.0,0.0,0.0,0,0,0.1,5.5,0,0,0,0,0,0,0,0,0,0.8,
0,0,0,2.8,0,0,0,0,0,0,0,0,0,0,0,0,0,0,0,0,0,0,0,0,0,0,0,0,0,0,0,0,0,0,0,0,0,0,0,0,0,0,0,0,0,3,0,0,0,0,0.0,0.0,0.0,0.0,0.0,0.0,0.0,4.1,0.0,0.0,0.0,0,0,0,0.5,0,0,0,0,0,0,0,0,0.2,0.4,
0,0,0,0,0,0,0,0,0.5,0,0,0,0,0,0,0,0,0,0,1.8,0,0,0,0,0,0,0,0,0,0,0,0,0,0,0,0,0,0,0,0,0,0,0,0,0,0,0,0,0,0,0.0,0.0,0.0,0.0,0.0,0.0,0.0,1.3,0.0,0.0,0.0,0,0,4.6,0,0,0,0,0,0,0,0,0,0.4,0.1,
0,0,0,0,0,0,0,0,0,0,0,0,0,0,0,0,0,0,0,0,2.8,0,0,0,0,0,0,0,0,0,0,0,0,0,0,0,0,0,0,0,0,0,0,0,0,0,0,0,0,0,0.0,0.0,0.0,0.0,0.0,0.0,0.0,0,0.0,0.0,0.0,0,0,0.4,0,0,0,0,0,0,0,0,0,0,0,
0,0,0,0,0,0,0,0,0,0,0,0,0,0,0,0,0,0,0,0,0,0,0,0,0,0,0,0,0,0,0,0,0,0,0,0,0,0,0,0,0,0,0,0,0,0,0,0,0,0,0.0,0.0,0.0,0.0,0.0,0.0,0.0,0.1,0.0,0.0,0.0,0,0,0.3,0,0,0,0,0,0,0,0,0,0,0,
0,0,0.3,0,0,0,0,0,0,0,0,0,0,0,0,0.3,0,0,0,0,0,0,0,0,0,5.3,0,0,0,0,0,0,0,0,0,0,2,0,0,0,0,0,0,0,0,0,0,0,0,0,0.0,0.0,0.0,0.0,0.0,0.0,0.0,6,0.0,0.0,0.0,0,0,0,0,0,0,0,0,0,0.1,0.1,0,0,0,
0,0,0,0,0,0,0,8.4,0,0,0,0,0,0,0,0,0,0,0,0,0,0,0,0,0,0,0,0,0,0,0,0,0,0,0,0,0,0,0,0,0,0,0,0,0,0,0.9,0,0,0,0.0,0.0,0.0,0.0,0.0,0.0,1.0,0.9,0.0,0.0,0.0,0,0,0,3.2,0,0,0,0,0,0,0,0,0,0,
0,0,0,0,4.8,0,0,5.3,0,0,0,0,0,0,1,0,0,0,0,0,0,0,0,0,0,0,0,0,0,0,0,0,0,0,0,0,0,0,0,0,27.7,0,0,0,0,0,0,0,0,0,0.0,0.0,0.0,0.0,0.0,0.0,0.0,0,0.0,0.0,0.0,0,0,0,3.2,27.1,0,0,0,0,1,1,0,0,0,
0,0,0,0,0.5,0,0,0,0,0,0,0,0,0,1.5,0,0,0,0,0,0,0,0,0,0,0,0,0,0,0,0,0,0,0,0,0,0,0.8,0,0,0.8,0,0,0,0,0,0,0,0,0,0.0,66.4,0.0,0.0,0.0,0.0,0.0,0,0.0,0.0,0.0,0,0,0,0,0,5.3,0,0,0,1.6,1.6,0,0.1,0,
0,0,0,0,0,0,0,0,0,0,0,0,0,0,0,0,0,0,0,0,0,0,0,0,0,0,0,0,0,0,0,0,0,0,0,0,0,0,0,0,0,0,0,0,0,0,0,0,0,0,0.0,0.9,0.0,0.0,0.0,0.0,0.0,0.1,0.0,6.9,0.0,0,0,0,0.2,0,0,0,0,0,0.1,0.1,0,8,0,
0,0,0,0,0,0,0,0,0,0,0,0,0,0,0,1.3,0,0,0,0,0,0,0,0,0,0,0,0,0,0,0.5,0,0,0,0,0,0,0,0,0,0,0,0,0,0,0,0,0,0,0,0.0,0.0,0.0,0.0,0.0,0.0,0.0,0.4,0.0,0.0,0.0,0,0,0,0.2,0,0,0,0,0,0,4.2,0,0.8,0,
0,0,0,0,0,0,0,0,24.1,0,0.5,0,0,0,0,0,0,0,0,0,0,0,0,0,0,0,0,0,0,0,0,0,0,0,0,0,0,0,0,0,0,0,0,0,0,0,0,19,0,0,0.0,0.0,0.0,0.0,0.0,0.0,0.0,0.6,0.0,0.0,0.0,0,0,0,0.1,0,0,0,0,0,0,0,0,0,0,
1.3,0,0,0,0,0,0,0,0,0,0,0,0,0,0,0,0,0,0,0,0,0,0,0,0,0,0,0,0,0,0,0,0,2.8,0,0,0,0,0,0,0,0,0,0,0,0,0,3.3,0,0,0.0,0.0,0.0,0.0,0.0,0.0,0.0,0.3,0.0,0.0,0.0,0,0,0,0.2,0,0,0,0,0,0,0,0,0,0,
0,0,0,0,0,0,0,0,0,0,0,0,0,0,0,0,0,0,0,0,0,0,0,0,0,18.5,0,0,0,0,0,0,0,0,0,0,0,0,0,0,0,0,0,0,0,0,0,3.8,0,0,0.0,0.0,0.0,0.0,0.0,0.0,0.0,1.4,0.0,0.0,0.0,0,0,0,0,0,0,0,0,0,0,0,0,0,0,
0,0,0,0,0,0,0,0,0,0,0,0,0,0,0,0,0,0,0,10.2,0,0,0,0,0,0.3,0,0,0,0,0,0,0,0,0,0,0,11.4,0,0,0,0.3,0,0,0,0,0,0,0,0,0.0,0.0,0.1,0.0,4.6,0.0,0.0,0,0.0,0.0,0.0,0,0,0,0.1,0,0,0,0,0,0,0,0,2,0,
0,0,0,0,0,0,0.3,0,0,0,0,0,0,0,0,0,0,0,0,22.9,0,0,0,0,0,0,0,0,0.3,0,0,0,0,0,0,0,0,0,0,0,0,0.5,0,0,0,0,0,0,0,0,0.0,0.0,0.0,0.0,0.4,0.0,0.0,0,0.0,0.0,0.0,0,0,0,0.2,0,0,0,0,0,0,0,0,0,0,
0,0,0,0,0,10.2,0,0,0,0,0,0,0,0,0,0,0,0,0.3,0,0,0,0,0,0,0,0,0,0,0,0,0,0,0,0,0,0,0,0,0,0,0,0,0,0,0,0,0,0,0,0.0,0.0,0.0,0.0,0.0,0.0,0.0,2,0.0,0.0,0.0,0,0,0,0,0,0,0,0,0,0,0,0,0,0,
0,0,0.5,0,0,0,0,0,0,14.2,0,0,0,0,0,0.5,0,0,0,0,0,0,0,0,0,0,0,0,0,0,0,0,0,0,0,0,0,0,0,0,0,0,0,0.9,0,0,0.8,0,0,0,0.0,0.0,0.0,0.0,0.0,0.0,0.0,5.7,0.0,5.0,0.0,0,0,0.1,0.1,0,0,0,0,0,0,0,0,0,0,
0.5,0,0,0,0,0,0,0,0,0,0,0,0,0,0,0,0,0,0,0,0,0,0,0,0,0,0,0,0,0,0,0,0,0,0,0,0,0,0,0,0,0,0,0,0,37.8,0,0,0,0,0.0,0.0,0.0,0.0,0.0,0.0,0.0,11.2,0.0,0.0,0.0,0,16.8,0.1,1.6,0,0,0,0,0,0,0,0,0,0,
0,0,0,0,0,0,0,0,0,0,0,0,0,0,0,0,0,0,0,0,0,0,0,0,0,0,0,0,0,0,0,0,0,0,0,0,0,0,0,0,0,0,8.9,0,0,27.5,8.1,0,0,0,0.0,0.0,0.0,8.6,0.0,0.0,0.0,1.1,0.0,1.0,0.0,0,0,0,4.6,0,0,0,0,0,0,0,0,0,0,
0,0,0,0,0,0,1,0,0,0,0,0,0,20.1,0,0,0,0,0,0,0,0,0,0,0,0,0,0,0,0,0,0,0,0,0,0,0,0,0,0,0,0,0,0,0,8.4,0.2,0,0,0.6,0.0,0.0,0.0,9.1,0.0,0.0,0.0,0.5,0.0,0.0,0.0,0,0,0,4.2,0,0,7.3,0,0,0,4.4,0,0,0,
0,0,0,0,0,0,0,0,0,0,0,0,0,0.3,7.6,0,0,0,0,0,0,0,0,0,0,4.6,0,0,0,0,0,0,0,0,0,0,2.3,0,0,0,0,0,0,0,0,0,0,0,220.7,4.2,0.0,0.0,0.0,0.0,0.0,0.0,0.0,2.3,0.0,0.0,0.0,0,0,5.1,6,0,0,0,0,0,0,27.2,0,0,0,
0,0,0,0,0,0,0,0,0,0,0,0,0,0.3,0,0,0,0,3.6,0,0,0,0,0,0,0.5,0,0,0,0,0,0,0,0,0,0,0,0,0,0,0,0,0,0,0,0,0,0,5.1,0,0.0,0.0,0.0,0.0,0.0,0.0,0.0,0.9,0.0,0.0,0.0,0,0,0.1,11,0,0,0,0,0,0,0,0,0,0,
0,0,10.2,0,0,0,0,0,0,0,0,11.4,0,0,0,0,0,0,0,0,0,0,0,0,0,0,0,0,0,0,0,0,0,0,0,0,0,0,0,0,0,1.8,0,1.8,0,0,0,0,0,0,0.0,0.0,0.0,0.0,0.0,0.0,0.0,0.7,0.0,0.0,0.0,0,0,0,4.4,0,0,0,0,0,0,0,0,0,0,
0,0,2.5,0,0,0,0,0,0,0,0,0,0,0,0,0,0,0,0,0,0,0,0,0,0,0,0,0,0,6.1,0,0,0,0,0,0,0,3.3,0,0,0,0,0,0.1,0,0,0,0,0,0,0.0,0.0,0.0,0.0,0.0,0.0,0.0,0.3,0.0,0.0,0.0,0,0,0,7.3,0,0,0,1.9,0,0,0,0,1,0,
0,0.5,0,0,0,0,0,0,15.2,4.8,0,0,0,0,0,0,0,0.8,0,0,0,0.3,0,0,0,0,0,0,0,5.6,5.6,0,0,0,0,0,0,0,0,42.2,0,0,0,3.3,0,0,0,1,0,0,0.0,0.0,0.0,0.0,3.2,0.0,0.0,0.7,0.0,0.0,0.0,0,0,0,0.3,0,0,0,0,0,18.9,0,0,0,0,
1,0,0,0,0,0,0,0,0,0,0,0,0,0.3,0,0,0,0,0,0,1.3,8.6,0,0,0,0,0,0,0,0,2.3,8.9,0,0,0,0,21.6,0,0,0.3,0,0,0,0,2.3,0,0,0,0,0,0.0,0.0,0.0,0.0,0.0,0.0,1.0,2.5,0.0,0.0,0.0,0,0,0.2,5.3,0,0,0,0,0,0,0,0,0,0,
0,0,0,0,0,0,0,0,0,0,0,0,5.8,0,0,0,0,0,0,0,0,0,0,0,0,0,0,0,0,0,0,0,0,0.3,0,0,6.4,0,0,0,0,4.8,0,0,0,0,0,0,0,0,0.0,0.0,0.0,2.3,0.0,0.0,0.0,0.6,0.0,0.0,0.0,0,0,10.3,3.1,0,5.4,0,0,0,0,0,0,0,0,
0,0,0,0,0,0,0,0,0,0,0,0,4.6,0,0,0,0,0,0,0,15,0,0,0,0,0.3,0,0,0,0,0,0,0,0,0,0,0,0,0,0,0,4.8,0,0,0,0,0,0,23.1,0,0.0,0.0,0.0,0.0,1.3,0.0,0.0,0.2,1.9,0.0,0.0,0,0,9.7,1.2,0,0,0,0,13.9,0,0,0,0,0,
1,0,0,0,0,3.3,0,0,0.5,0,0,0,0,0,0,0,0,0,0,0,0,0,13,0,0,0,0,0,0,0,0,0,0,0,0,0,0,0,1.3,0,1.3,0,0,0,0,0,0,0,5.2,1.7,0.0,0.0,0.0,0.0,0.0,0.0,0.0,0,0.0,0.0,0.0,0,0,29.8,0.3,0,0,0,0,0,0,0,0,0,0,
0,0,0,0,4.1,0,0,7.9,0,0,0,0,0,0,0,0,0,0,0,0,0,0,2.3,0,0,0,0,11.4,0,0,0,0,0.5,0,0,0,0,0,1,0,3.8,0,84.1,0,0,0,15,0,0,0,0.0,0.0,0.0,0.0,0.0,0.0,0.0,0,19.5,0.0,0.0,0,0,16.4,0,0,0,0,0,0,0,0,0,0,0,
0,0,0,0,0,0,0,10.4,0,0,0,0,0,0,0,0,0,0,1.3,0,0,0,0,0,0,0,3.8,0,0,0,3.8,0,0,15.2,5.6,0,0,0,0,0,0,0,3.8,0,0,0,51.2,0,0.6,0,0.0,0.0,0.0,0.0,7.4,21.4,0.0,10.7,4.6,0.0,0.0,0,0,2.2,0.6,0,0,0,0,0,0,0,0,0,0,
0,0,0,0,0,0,0,0,0,0,0,0,0,0,0,0,0,0,0,0,0,0,0,8.9,0,0,0,8.6,0,0,0,0,0.5,0.8,0,0,0,0,1,0,0.8,0,4.6,0,4.5,0,1.7,0,3.4,0,0.0,0.0,0.0,0.0,0.0,0.0,0.0,12.5,0.0,0.0,0.0,0,0,3.6,0.3,0,0,0,0,0,0,0,0.5,0,0,
0,0,0,0,0,0,0,0,0,0,0,1.8,0,0,0,0,0,0,8.9,0,0,1.5,0,4.6,0,0,0,0,0,0,0,0,0,0,0,0,0,0,4.3,0,10.7,0,0,0,0,0,1,0,0,0.2,0.0,0.0,0.0,0.0,0.0,0.0,0.0,1.6,0.0,0.0,0.0,0,0,1.4,0.1,0,0,0,0,0,0,0,0,0,0,
0,1,0,0,0,0,0,0,0,0,3,0,0,0,0,0,0,1.5,0,0,0,0,0,0.5,0,0,0,0,0,0,0,0,0,0,0,0,0,0,0.3,0,0,12.2,0,0,0,0,0,0,0,3.4,0.0,0.0,0.0,22.8,0.0,0.0,0.0,4.4,0.0,0.0,0.0,0,0,0.3,0,0,5.6,167.5,0,0,0,0,0,0,0,
0,0,0,0,0,0,0,0,0,0,2.5,0,0,0,0,0.3,0,19.3,0,0,0,0,0,0,0,0,0,0,0,0,0,0,0,0,0,0,0,0,0.3,0,1,0,0,6.5,0,12.3,0,0,0,86.6,2.8,0.0,0.0,0.0,0.0,0.0,0.0,0.6,0.0,0.0,0.0,0,0,0,0,0,0,14.3,0,0,0,0,0,0,0.4,
2,0,0,0,0,0,0,0,0,0,0.8,0,0,0,0,0,0,0,0,0,0,0,0,0,0,0,0,0,0,2.3,0,0,0,0,0,0,0,0,0,0,3,0,0,0,0,0,0,0,0,0,1.5,0.0,0.0,0.0,0.0,0.0,0.0,0.1,0.0,0.0,0.0,0,0,0.5,4.3,0,23.2,0,0,0,0,0,0,0,0,
0.5,0,0,0,0,0,0,0,0,0,0,0,0,0,0,0,0,0,0,3.8,0,0,0,0,0,0,0,0,0,0,0,0,0,0,0,0,0,0,0,0,0,0,1,0,0,0,0,0,0,0,0.0,0.0,0.0,0.0,0.0,0.0,0.0,5.7,0.0,0.0,0.0,0,0,2,4.8,0,0,0,0,0,0,0,0,0,0,
0,0,0,0,0,0,0,0,0,0,0,3.3,0,0,0,0,0,0,0,0,0,0,6.1,0,0,0,0,1,0,0,0,0,0,0,0,0,0,0,0,0,0,0,0.8,0,0,0,0,0,0,0,0.0,0.0,0.0,0.0,0.0,5.1,0.0,4.5,0.0,0.0,0.0,0,0,1.3,8.8,0,0,0,0,0,0,0,0,0,0,
0,0,0,0,0,0,0,0,0,0,0,0,0,0,0,0,6.9,0,0.3,0,0,0,0,0,0,0,0,0,0,58.4,0,0,0,25.4,0,0,0,0,0,0,0,0,0,0,0,43.5,0,0,11.4,0,0.0,0.0,0.0,0.0,3.4,0.0,0.0,0.7,0.0,0.0,0.0,0,0,0.7,11.8,0,0,0,0,0,0,0,0,0,0,
0,0,0,0,0,0,0,0,0,0,0,0,0,0,2.3,0,0,0,0,0,0,13.7,0,0,0,0,0,0,0,29.7,0,0,0,2.8,0,0,0,0,0,0.8,0,0,0,0,0,39.8,0,0,0.2,0,0.0,0.0,0.0,0.0,22.3,0.0,0.0,0.3,0.0,0.0,0.0,0,0,0.1,13.2,0,0,0,0,0,0,0,21.5,0,0,
0,0,0,0,0,0,0,0,0,0,0,0,0,0,0,0,0,0,0,0,0,0.8,0,0,0,0,0,0,0,5.8,0,0,0,0,0,0,0,0,0,0.5,0,0,0,0,0,0,8.4,0,0,0,0.0,0.0,0.0,0.0,0.0,0.0,0.0,0.1,0.0,0.0,0.0,0,0,1.4,1.1,0,0,0,0,0,0,0,5.9,0,0.8,
0,0,0,0,0,0,0,0,0,0,0,1,0,0,0,0,0,0,0,19.3,0,0,0,0,0,0,0,0,0,0,0,0,0,9.7,0,0,0,0,0,0,0,0,0,0,0,0,8.4,0,0,0,0.0,0.0,0.0,0.0,0.0,0.0,0.0,0.7,0.0,0.0,0.0,0,0,0.1,0,0,0,0,0,0,0,0,0,0,0,
0,39.4,0,0,0,0,0,0,0,0,0,0,0,0,0,22.6,0,0,0,10.9,0,0,0,0,0,0,0,0,0,0,7.6,4.3,0,0,0,0,0,0,0,0,0,0,0,0,0.3,0,0,0,0,0,0.0,0.0,29.4,0.0,0.0,0.0,0.0,0.1,0.0,1.4,3.8,0,0,0.4,0.1,0,0,0,0,0,0,20.5,0,0,0,
0,0,2.3,0,0,3.8,0,0,0,0,0,0,0.5,0,0,0.3,7.4,0,0,0,0,0,0,0,0,1.3,0,0,0,0,0,8.1,0,85.3,0,0,0,1.8,0,0,0,0,0,0,0,0,0,0,26.4,0,0.0,0.0,67.8,2.3,0.0,0.0,0.0,4,0.0,0.5,10.9,0,0,0.4,0.3,0,0,0,0,0,7.4,3.8,0,0,0,
0,0.3,4.8,0,0,6.9,0,0,0,0,0,0,6.4,0,0,0,3.3,0,0,0,0,5.6,0,1.5,0,0.8,0,0,0,0,0,0,1.3,3.8,0,0,0,0,0,0,0,0,0,0,49.4,0,0,0,0,0,0.0,0.0,0.0,0.0,0.0,0.0,0.0,0.1,0.0,0.2,2.1,0,0,2.3,4.4,0,0,0,16.4,0,0,0,0,0,0,
3,0,1.8,12.7,0,1.3,0,0,0,0,0,0,0,0,2,0,0,0,27.7,0,0,4.3,0,0,0,4.1,0,0,0,0,11.2,0,0,3.8,27.4,4.1,0,0,1.3,0,0,0,0,0,4.5,0,0,0,25.4,0,2.7,0.0,0.0,7.4,0.0,0.0,0.0,0,0.0,4.7,8.9,0,0,0.4,4.3,0,0,21.2,0,0,2.8,30.3,0,0,0,
0,2.5,7.6,0.5,0,0,0,0,0,0,0,17.3,0,0,0,0,9.7,0,13.5,0,0,0,0,0,0,0,0,0,0,0,0,0,0.5,0,0,0,0,0,0,0,1.5,0,0,0,3.1,0,0,0,0.7,0,2.8,0.0,0.0,0.0,0.0,0.0,0.0,0,0.0,2.0,16.7,0,0,10.9,1.2,0,0,2.3,0,0,0,0,0,0,0,
0,22.1,5.8,1.8,1.3,39.1,0,0,0,24.4,1.3,3.3,2,0,17.8,0,0,0,0,0,0,2.3,8.9,0,0,0.5,0,0,0,0,0,0,2.5,1.8,0,0,0,0,2.8,2,0,0,0,0,0,0,0,0,0,0,0.0,0.0,0.0,0.0,0.0,0.0,0.0,0,0.0,0.1,0.0,0,0,5.5,3.5,0,0,0,0,0,0,0,0,3,0,
0,21.8,4.6,1,10.2,0,0,0,0,0,42.7,6.6,2.8,0,0,0,0,0,49.8,0,0,89.7,0,0,0,0,2.3,0,0,0,0,0,9.4,0,0,0,0,0,0,4.3,0,0,0,0,0,0,2.2,0,0,0,0.0,0.0,0.0,0.0,0.0,0.0,0.0,0,0.0,1.9,120.7,0,0,0,5.2,0,0,0,0,0,0,0,0,0,0,
0,0.8,0.3,4.1,1.5,0,0,14.7,0,0,3.8,0,23.1,0,32.5,0,11.2,0,0,0,0,0,0.8,0,1.3,0,8.1,0,0,0,0.5,0,0,0,0,0,0,0,0,0,0,0,0,0,25.3,62.9,10,0,16.3,0,0.0,0.0,0.0,0.0,0.0,0.0,0.0,0,0.0,2.3,24.4,0,0,0,1.8,2.5,0,1.2,0,114.9,0,0,0,0,0,
12.7,11.2,0,0,0,0,0.8,16.3,0,0,9.1,9.9,31.8,1.3,0,0,0,0,0,95.8,0,0,0,0,0.5,0,21.8,14.2,14,0,1.8,0,0,0,0,0,2,0,0,0,0,0,0,0,1.4,9.4,0,2.7,0,0,0.0,0.8,0.0,0.0,0.0,0.0,0.0,0,0.0,0.5,6.8,0,0,2.5,2.4,0,0,0,0,0,0,0,0,0,11,
5.3,0,0,0,0.8,11.9,2.8,0,34.8,0,66,0.8,0.3,0,3.8,0,2,0,11.7,0,0,0.3,0,0,0,0,0,0,1.8,7.1,6.6,0,0,0,0,0,0,1,0,0,0,0,119.4,0,1.9,0.2,0,0,0,8.5,0.0,0.0,0.0,16.6,0.0,0.0,18.8,0.2,0.0,3.4,0.0,0,0,1.6,0,0,0,0,0,0,0,0,0,0,0,
3.6,0,4.8,0,0,13.5,39.1,0,6.9,0,7.6,0,0,0,0,0,0.8,0,0,0,0,0,6.4,0,19.1,0,0,0,0,0,0,0,0,0,0,0,0,22.6,0,0,0,0,82.8,0,0.1,0,0,0,0,8.6,0.0,0.0,0.0,11.0,0.0,0.0,12.5,2.1,0.0,2.7,0.0,17.5,0,2.5,0,0,31.9,0,0,4.9,0,0,0,0,0,
0.3,29,3,0,0,0,4.1,0,1.3,0,0.8,0,0,0,52.1,0,0.5,7.4,7.6,0,0,0,0,0,0,0,0,0,0,0,0,0,0,0,0,0,4.6,0,0.3,0,0,0,60.7,0,0.8,0,0,0,0,9.9,0.0,0.0,0.0,2.1,0.0,0.0,21.2,1.4,0.0,7.0,0.0,0,0,2.9,2.4,16.1,2.6,0,0,0,0,0,0,0,3.1,
0.5,13,0,0,0,0,0.8,0,0.5,0,0,0,0,0,2,0,15,0,0,0,0,0,0,0,0,0,0,0,1.8,0,0,0,0,0.8,4.8,2,3,1.3,0,24.6,0,0,11.4,0.4,0,0,0,0,0,0,0.0,0.0,0.0,0.3,0.0,0.0,3.7,0.4,6.3,3.0,0.0,2.5,0,0,3.7,0,3.7,0,0,0,0,7.9,0,0,0,
0,0,0,0,11.2,0,47.5,3,0,0,0,0,0,0,0,0,0.8,0,0,79.5,0,0,0,0,0,0,0,0,16.5,0,7.4,13.7,0,0,0,0,0,0,8.6,9.7,11.2,0,0,0,0,0,0.6,0,1.1,0,3.6,3.2,0.0,0.0,0.0,0.0,0.0,5.3,0.0,0.8,0.0,0,0,0.6,0,0,0,0,0,0,0,0,0,0,0,
0,0,0,0,0,0,5.8,0,0,0,0,0,0,0,0,0,1.3,0,0,2,5.6,0,1.3,0,0,0,0,0,0,1,0,0,0,0,0,0,0,0,0,1,0,0,0,0,0,8.3,3.8,0.5,0.9,0,0.0,0.0,1.1,0.0,0.0,4.7,0.0,5.4,0.0,3.5,9.1,3.8,0,1,1.9,0,1.4,0,0,0,0,0,0,0,16.1,
0,0,0,0,0,2.5,10.2,4.8,0,5.1,0,0,0,0,13.7,3.8,0,0.3,0,0,0.8,18,0.8,0,6.4,0,0,8.6,0,0,1.3,0,0.5,0,6.9,0,0,0,0,0,0,0,0,0,2.4,0.7,0,0,0,49.3,0.0,0.0,3.0,0.0,0.0,3.5,0.0,6.4,0.0,0.7,0.0,0,0,0.1,3,0,0,0,0,0,0,0,0,18.3,3,
0,0,0,0,7.1,23.1,17,0,5.8,0,0,0,0,0,0,0,0,0.8,0,0,0,0,0,0,1.8,0,11.2,1.8,14.2,0,0,0,0,0,0.3,0,0,0,0,0,0,0.5,0,0,0,2.4,0,0,0,9.7,0.0,0.0,0.0,16.3,0.0,9.6,59.7,6.4,5.5,2.0,90.1,4,0,14.1,6.1,0,0,0,0,0,0,0,0,0,0,
0,0,0,0,5.1,0,9.7,9.1,1.5,0,0,0,0,0,0,0,21.6,0,0,1,0,0,6.1,0,0,0,0,0.8,0.3,0,1,0,0,0,0,0,0,23.6,0,0,0,0,0,0,0,2.5,3.2,0.4,0,0,0.1,0.0,0.0,0.0,0.0,0.0,30.8,0,0.0,0.6,0.0,0,0,1.6,4.4,0,0,0,0,0,48.2,0,4.5,0,0,
0,0,0.3,0,24.6,0,4.1,0,0,0,0,45.2,0,45.2,0,24.9,0,0,0,0,0,0,6.9,0,0,0,0,0.5,0,0,16.5,10.2,0,0,8.4,0,0,0.8,0,0,0,0,0,0,0,0,0,0,0,0,0.0,0.0,0.0,0.0,0.0,2.7,3.3,0,0.0,4.4,0.0,0,0,2.8,3.4,0,0,0,0,0,0,0,0,0,0,
0,0,0,0,0,0,52.1,0.5,3.8,0,0,0,0,0.3,4.1,21.3,0,0,0,0,13.7,0,3.6,0,41.1,0,5.8,0,0,0,25.7,16.5,0,0,0,1,0,0,0,31.5,0,0,11.7,0,0,0,0,0,0,0,3.1,30.7,12.1,0.0,0.0,0.0,3.0,0.4,0.0,5.7,0.0,0,0,2.2,2.8,0,0,0,0,2.4,68.9,0,0,5,0,
0,0,0,0,0,0,8.9,1.5,0,0,8.4,0,0,0,7.4,0,6.6,0,0,0,24.9,0,0,0,2,0,0,0,0,0,0,0,0,0.8,6.1,0,0,0,0,0,0,0.8,0,8,10.8,0.4,0,0,0,0,0.1,26.6,41.6,0.0,0.0,0.0,0.0,3.5,6.8,8.5,0.0,0,0,0.1,3.9,21.3,0,0,0,0,2.6,0,0,0,0,
26.4,0,0,0,0,0,1,0,24.4,4.3,0.5,0,0,0,99.1,0.8,0,0,0,0,0,0,0,0,12.2,0,0,0,0,0,1.8,0,35.1,1.5,0,0,0,0,0,0,0,36.8,3.6,0,0,0,0,0,0,0,0.0,0.0,0.8,25.2,2.4,0.0,1.2,3.6,15.2,2.8,0.0,0,0,0,4.1,0,4.9,0,0,0,9.8,0,0,0,0,
2.8,0,0,0,0.3,0,0,0,3.8,0,0,0,0,0.8,0.8,15.2,87.1,0,0,0,0,11.2,0,0,1.3,0,0,0,5.1,0,117.3,0,5.8,0,0,0,0,0,0,0.3,0,8.9,0,0,0,0,0,0,0,0,45.0,0.0,2.8,0.0,0.0,0.0,0.0,3.7,0.0,1.6,50.1,0,0,1.8,2,0,5.8,0,0,0,0,0,0,0,0,
0,0,0,29.5,0,0,0,0,0.8,7.9,0,0,0.3,0,0,4.8,21.8,0,0,0,0,0,0,0,2.5,0,0,0,0,0,0,0,0.5,0,0,0,1,8.9,0,0,0,9.1,0,0,0,2.3,0,0,0,0,1.4,0.0,10.3,0.0,0.0,19.8,5.7,4.3,1.6,1.6,0.0,0,0,6.4,6.1,0,0,0,0,0,0,0,0,0,0,
0,0,0,15.2,0,0,0,0,13.2,0,0,0,0,61,0,0.8,0,0,1.3,0,17,0,22.9,0,0,0,0,0,2.3,0,3.8,0,1,0,0.3,23.1,0,0,0,71.4,0,0,0,0,0,0,3.7,0.4,0,0,0.0,0.0,0.0,0.0,0.0,13.9,62.3,7.8,0.0,2.4,0.0,0,0,4.2,15.4,0,0,22.9,0,0,0,0,27.8,0,0,
0,0,0,0,0,0,0,0.5,0,0,0,0,0,9.9,0,0,0,0,0,0,0,0,39.9,0,0,0,0,0,0,0,17.5,0,0,0,0,6.9,0,0,0,0,0,2.3,0,0,0,0,0,0.7,0,0,0.0,0.0,0.0,19.6,1.3,0.0,0.0,11.4,36.9,2.8,0.0,0,0,13.2,1.3,4.6,0,15.2,0,0,0,0,0,0,0,
0,0,5.6,21.6,0,0,0,5.1,0,23.9,0,7.4,12.4,3,0,0,32.5,0,0,0,9.1,0,1.3,19.6,0,0.8,0,0,0,15.5,3.3,1,0,0,0,30,0,6.9,0,0.5,0,15,0,0,0,0,0,11.9,0,0.6,0.0,0.0,0.0,0.0,1.1,0.0,6.6,4,8.6,0.1,0.0,0,0,2.1,3.4,5.2,0,15.9,0,0,0,0,0,0,0,
0,0,0,0,12.2,0,0,3.8,9.4,5.1,0,39.4,0,7.9,0,0,0,37.8,0,0,0,0,0,35.6,0,1,0,1.3,0,0,4.6,0,0,0,0,1,0,5.6,0,0,0,0,0,0,0,0,2.9,0,4.8,147.4,0.0,0.0,0.0,0.1,0.0,0.0,1.2,14.6,0.0,2.7,0.0,0,0,30,6.4,12.8,0,0,0,0,58.9,0,0,0,0,
0,0,0,0,10.9,0,0,40.9,0,0,0,0,0,0,0,1.5,14.5,0.8,0,0,0,0,0,0,0,0,0,0,0,0,91.9,2,0,0,0,0,0,20.3,57.7,0,0,3,0,27.4,0,0,0,0,20,0,0.0,0.0,0.0,13.7,0.0,19.6,0.0,0,4.3,4.3,14.1,0,3,11,9.5,0,0,0,0,0,9.7,0,0,0,0,
0,0,0,3.3,0,0,0,22.4,43.2,10.2,0,0,0,14,0,2.5,0,8.6,0.8,0,0,0,0,0,0,0,0,0,11.4,0,10.7,5.6,1.3,2.8,0,0,0,0,1.5,0,0,0,0,0,0,0,0,0.1,2.8,19.5,0.0,0.0,0.0,0.0,0.9,32.8,0.0,0,16.4,16.4,6.5,0,0,2.7,3.7,0,0,0,0,0,0,0,0,0,0,
0,0,0,29.2,0,0,0,1.8,0.8,2.3,6.1,88.1,10.7,37.1,0,5.1,0,0,1.5,0,0,0,0,0,0,0,0,0,0.5,21.3,6.1,0,0,0,0,16,0,1,0,0,2.5,0,0,2.9,0,2.9,17.7,0,37.9,18.9,0.0,0.0,0.0,0.0,1.6,0.0,0.0,0,0.0,0.0,0.3,0,0,8.6,9.7,0,0,0,0,44.8,0,0,0,0,0,
0.3,0,0.3,4.1,0,0,0,0,0,0,0,3,0,1,0,0,2.5,0,0,0,0,0,0,0,0,0,0,0,0,10.4,19.8,0,1,0,0,12.2,0,49.8,0,8.6,9.1,0,0,0.5,0,25.9,0,7,3.4,0,0.0,0.0,0.0,12.3,0.0,0.0,0.0,0,9.6,9.6,0.3,47.2,0,11,10.7,0,0,0,0,0,0,0,0,0,0,
0,0.5,0,0.3,0.5,0,0,0,0,0,0,0,0,0,0,0,0,0,0,0,0,0,2.5,20.6,0,0,0,0,0,0.3,0,0,0,0,0.5,0,7.1,0.8,8.9,30,25.4,0,0,0,0,0.2,0,0,10.6,0,0.0,0.6,0.0,0.0,0.0,0.0,0.0,0,8.8,8.8,0.1,0,0,4.3,13.8,0,0,2.4,20.4,39.9,0,0,97.6,0,0,
0,0,0,4.8,0,2.5,1.5,0,0,0,0,20.6,0.5,1.3,0,15.5,41.9,0,7.1,0,0,0,0,0,0,0,0,0,0,0,0,4.8,0,26.4,22.9,0,0,0,26.7,18.3,12.7,0,0,0,0,44.3,0,0,24.4,0,0.0,1.7,0.0,0.2,52.6,0.0,0.0,0,3.4,3.4,3.9,0,0,0.3,20.7,10.5,2.2,0,0,0,43.6,2.3,0,0,0,
0,3,0,0,0,10.2,11.9,5.3,0,0,0,0,25.4,0,34.5,44.7,0,0,0,0,49.3,0,17.3,0,62.2,0,0,0.8,0.5,0,0.8,1.5,0,0,46.2,0,2.5,0,0,0,1,0,0,11.5,15.7,3,0,6.4,2.2,0.8,0.0,0.0,9.2,0.0,0.0,0.0,0.0,37.9,0.0,0.0,3.8,0,0,0.1,7.5,0,0,0,0,2.3,33.5,0,36.9,0,0,
0,0.3,0.8,0,0,1,0,2.5,0,0,0,0,0,0,45.2,1,0,8.6,0,0,0,0,46.7,0,24.4,18.8,25.9,0,0,20.3,2.8,6.1,0.3,0,0,8.1,33,0,0.8,0,9.9,37.8,62.5,0,0,33,9.5,29.8,0,3,0.0,0.0,3.6,0.0,0.0,1.5,0.0,17.8,0.0,0.0,2.0,0,0,4.1,5.9,87.5,0,0,0,0,0,0,0,0,0,
0,0,0,0,0,4.6,0,17.8,0,0,0,0,0,0.3,0,0,17.5,0,0,0,1,0,15.2,0,0,1,13.2,0,86.4,0.5,0,0,0,0,0,16,0,0,6.9,40.6,0,17.5,0.5,17.4,2.9,0,54,7.9,0,0,0.0,16.0,0.1,0.0,5.1,1.2,0.0,0,0.0,0.0,7.9,0,0,2.5,5.2,0,0,0,0,0,0,0,0,0,0,
0,0,0,0,0,21.6,0,4.1,0,0,0,0,0,0.8,7.4,0,4.6,0,0,0,0,0,4.1,36.8,0,70.6,0,0,0,2.5,0,0,0,0,0,0,9.7,0,0,0.5,1,0,3.8,0,0,30.1,34.5,4.9,0,0,0.0,23.6,0.0,0.0,12.8,31.2,0.0,0,0.0,0.0,1.4,0,14.5,2.2,7.3,0,0,6.9,2.8,0,0,0,0,0,18.8,
0,0,0,0,0,0.5,0,0,0,0,0.5,0,0,0,0.5,0,0,1.5,8.9,2,2.8,0,3.8,0,1,8.1,2.8,1.3,57.2,0,0,0,0,0,24.1,0,0,26.9,58.9,0,40.1,0,0,0,1.6,3.1,0.5,0,0,0,0.0,2.1,0.0,4.5,25.9,49.7,0.0,3.5,13.9,13.9,2.5,0,0,0.5,19.9,0,14.8,5.8,0,0,0,0,11.8,0,0,
0,8.1,24.6,1.3,0,1.8,0,0,0,0,0.3,56.1,0,0,35.8,0,0,36.1,37.3,6.4,116.8,0,0,0,0,0,0,3.8,0,0.8,18.3,0,0,0,0.5,0,0,2.3,3.3,0,2,0,8.6,4.1,0.4,18.2,1,1.2,0,12.2,0.0,0.0,0.0,15.1,1.0,8.4,0.0,0,5.3,5.3,11.3,0,0,5.7,4.4,64.4,6.7,0,0,0,0,0,7.6,0,0,
0,9.4,0,0,18,0,19.6,0,0,2,0,0,0,0,0,0,0,19.8,0.5,3.3,8.1,0,10.2,0,0,0,0,0,0,0,31.2,0,0,0,8.1,0.8,0,5.8,0,0,9.9,0,16.5,0,0,0,0,24,0,1.3,0.0,0.0,4.1,2.1,0.0,0.0,18.8,0,0.0,0.0,19.8,48.5,0,2.6,3.9,10.5,0.9,44.7,3.4,0,0,0,0,0,1.8,
0,0,0,0,0.3,0,9.1,0,0,10.4,0,0,0.5,0,0,0,0,10.7,0,0.8,0,24.1,34.3,0,0,0,0,0,9.7,0,0,7.1,10.7,0,0.3,0,0,0,0,0,0,0,0,0,11.1,0.5,0.3,0.1,0,15.3,1.7,0.0,9.6,0.0,0.0,0.0,12.5,0,10.8,10.8,0.8,36,0,2.3,7.7,0,0,42.6,0,0,0,0,0,6.6,0,
0.3,0,0,10.2,16,0,0.3,3,0,0,1.3,7.6,7.6,0,30.2,0,0,1.3,4.6,0,0,31,1.3,0,0,0,4.1,0,0.3,20.1,3,1.8,0,0,15.2,0,0,10.9,0,0,0,0,0,0,22.9,0.3,0,0,0,1.9,2.3,0.0,40.1,0.0,0.0,0.0,21.2,0,0.0,0.0,0.3,0,16.8,0.9,3.6,0,0,24.6,8.9,0,0,0,0,0,0,
4.1,0,3,28.4,0,0,20.3,0,0,5.8,0,0,0,98.8,0,0,15.5,0,0.5,0,0,5.1,0,0.8,9.1,0,22.1,0,0,5.3,0,10.2,0,34,8.1,0,3.3,39.4,0,0,0,0,0,0,18.9,4,0,0,9.5,40.9,1.1,0.0,0.8,0.0,0.0,26.7,3.7,0,0.0,0.0,1.3,0,0,4.8,4.1,0,0,0,0,0,0,7.2,0,0,0,
1.3,9.9,0.8,0.3,0.3,0,2.5,10.4,0,0,0,0,0,0.8,0,0,6.1,0,0,0,1,3,0,5.6,38.1,0,0,0,0,65,0,0,2.6,0,44.7,0,4.6,21.1,15.5,0,0,0,0,0.3,9.1,2.7,0,0,3.7,3.7,0.0,0.0,22.7,0.0,0.0,19.9,0.0,0,0.0,0.0,0.2,16.7,0,2.4,2.4,0,2.9,0,3.3,0,0,0,4.6,0,0,
0.5,1,0,0,0,0,0,0.3,0,0,0.3,0,3.8,16.8,13.7,0,10.9,0,0,0,0,0,0,0,0.8,42.4,0,0,0,6.4,0,12.2,1.2,0,28.2,0,27.2,1.3,41.4,0,15.5,3.6,0,19.4,3.3,43.8,0,0,6.6,0,0.0,0.0,18.2,0.0,0.0,0.0,0.0,26.3,0.0,0.0,5.2,0,0,0.1,0.1,53.1,0,45.8,54.6,0,0,9.6,0,5.8,0.9,
0,2,0,37.3,0,0,0,0.5,0,2.3,8.6,0,8.1,5.3,0,0,0,0,0.5,6.4,23.6,0,2.5,0,10.7,94.7,2.8,0,0,0,0,0,0.8,0,62.2,0,0,0,4.8,0,0,2,0,20.4,9.9,1.6,0.9,0,0,0,20.9,0.0,0.0,3.8,0.0,0.0,0.0,16.6,0.0,0.0,5.3,0,0,4.2,0.4,1.6,14.4,0,49.2,0,0,0,0,0,0,
0,37.8,14,97.3,0,0,0,7.9,0,2,0,30.5,29.5,0,0,0,14.2,0,1,22.1,0,0,0,0,28.4,0,0,0,0,2.3,0,0,30.4,0,17,0,3.6,0,1.3,0,0.5,0,0,16.8,8,0,0,0,0,0,0.0,0.0,0.0,33.9,19.7,0.0,59.7,14.5,0.0,0.0,3.2,0,11.9,0.3,0,5.5,0,0,67.8,0,0,0,0,9.3,0,
0,23.6,12.7,0,0,6.6,0,3.3,33.5,2,0,3.3,0,0,0.3,0.8,26.9,0,4.1,0,0,0,26.9,0,12.7,0,2,0,0,3.3,0,0,0,21.8,2.5,0,113.8,0,40.1,0,0,10.2,0,0,7.2,62.9,0,1,0,0,0.0,0.0,18.7,0.0,0.0,0.0,30.8,0,17.3,17.3,7.2,0,0,0.7,0.1,7.3,0,0,5.8,0.6,0,0,0,0,0,
0,0,14.2,2.5,0,14.5,0,7.6,0,0,0,1,0,0,0,0,0,88.4,0,0,0,0,3.3,10.9,0.5,0,0,0,0,11.4,0,0.8,0,16.5,0,0,15,0,1.5,0,0.5,1.3,0,0,14.7,32.2,0,0,0,0,0.0,0.0,1.2,0.0,0.0,0.0,3.3,0,1.2,1.2,8.0,0,0,4.6,0.1,1.5,9.6,1.4,13.4,0,0,0,0,0,14.6,
0,0.3,43.9,0,0.3,1.8,0,0,0,1.3,0,9.1,0,35.8,0,7.1,0,4.1,0,15.5,0,0.3,0,12.7,2.5,0,38.9,0,32.8,3.6,4.6,0,0,0,0,0,41.9,0,7.4,0,52.1,0,0,0,0,0.9,0,0,0,3.4,0.0,0.0,1.6,0.0,0.0,75.2,3.0,0,20.9,20.9,4.3,10.2,0,6.4,0.4,0,0,0,0.6,0,0,0,0,0,1.5,
0,57.2,9.7,0,4.1,0,31.5,0,0,10.7,5.1,4.8,0,34.3,2.3,9.4,51.6,0,0,6.1,37.1,15.5,0,9.9,0.5,0,0,0,0,1.3,0,0,13.2,0,0,12.2,20.3,6.4,11.4,0,5.1,1.8,0,0,0,0,0,0,0,5,0.0,0.0,14.7,1.9,0.0,48.8,0.0,0,0.0,0.0,4.7,0,0,2.8,8,0,0,0,0,0,0,0,0,0,0,
0,14.2,0,1,2,0,4.8,0,0,0,0,7.6,1.3,0,2.5,0,16.5,2.8,0,5.3,0,0,0,0,0.8,1,5.3,1,0,9.7,0,0,0,0,0,0,21.3,0,0,0,15.5,2,0,0,27.3,0,0,0,0,5.1,0.0,0.0,0.5,0.0,5.9,11.7,1.2,0,30.8,30.8,1.6,0,0,8.6,18.9,4.5,0,0,0,0,0,0,0,0,2.6,
0,12.2,0,0,2.8,0,0,0,0,0,0,0,0,0,1,0,0,8.9,0,9.4,0,0,1.5,0,0,0,0,76.7,0,24.1,0,0,0,16,0,28.7,3,0,0,0,0.8,0,0,20.8,0,0,0,0,0,4.7,0.0,0.0,0.0,0.1,0.0,18.9,0.0,0,10.0,10.0,2.7,6.8,27.6,6.7,36.7,0,0,0,0,0,0,0,0,0,0,
9.1,0,2.5,0,0,0,0,0,0,1.3,14.5,48.3,29.5,0,0,0,19.3,7.4,0,12.7,0.8,0,0,0,0,0,0,2.3,2,0,0,46.7,0,8.4,0,3,6.6,7.6,0,0,11.4,6.1,0,0,0.5,0,0,0,54.4,0,3.4,0.0,0.0,0.0,9.6,0.0,5.7,0,12.6,12.6,8.1,45.7,0,8.7,25.7,5.6,0,0,0,0,11.9,0,0,0,18.6,
0.8,0,4.6,0,63.5,0.3,2.5,0,0,36.8,28.7,1.3,0,0,0,0,32,0,0,5.1,0,0.3,0.5,0,0.8,0,0,0,24.6,0,0,18.5,0,18.8,0,0,49.3,53.1,0,0,4.3,37.1,0,0,0,0,0,45.4,9.1,0.2,1.0,0.0,0.0,2.7,23.5,0.0,62.3,0,0.0,0.0,5.8,2.6,0,10,18.4,0,0,16.2,0,0,1.3,0,16.6,0,0,
0,33.3,2.5,0,19.3,6.4,1.3,0,0,0.8,0,5.1,6.1,0,13,13.7,0,0.8,0,27.4,28.7,0,6.6,0.3,6.4,0,0,0,3.6,0.5,0,27.4,0,0,11.9,0,15.5,8.4,0,0.8,1.8,0.5,0,0,9.8,1.6,10,20.7,0,0,0.0,0.0,9.0,0.1,27.8,0.0,0.0,14.2,29.5,29.5,0.0,29.4,0,7.3,8.3,25.5,0,25.4,0,80.4,3.2,0,3.4,0,0,
1.3,0,0,0,0,0,8.4,0,0,0,0,0.3,5.8,0,6.1,0.5,2.3,5.3,14.7,1.8,16.8,2.8,2,33,17.5,1,0,0,3,0,0,0,0,0,0,0,13.7,8.9,0,0,0.3,1.3,0,0,0,0,0,1.2,0,0,0.0,0.0,0.0,0.0,0.0,40.3,6.6,17,4.7,4.7,0.0,8.6,0,10.8,5.1,15.8,0,0,0,8.6,0,78.9,0,35,53.2,
1.5,0,0,0,0,0,38.4,0,0,33.3,1.8,9.1,1.8,0,35.6,0,1,3.3,0,0,3.3,56.4,2.3,0,21.1,5.8,0,0,56.1,14.5,26.2,0,0.3,0,0,0,0,1.8,0,0,0,1.8,0,0,0,33.1,16.2,0.9,0,0,0.0,0.0,0.0,0.0,2.9,0.0,1.2,4.3,5.0,5.0,0.4,4,0,5.8,11.1,13.5,21.5,0,45.9,0,0,5.6,0,2.5,9.4,
